date,temp
07-01-2011,-20
08-01-2011,-20
06-01-2011,-20
01-01-2011,-19
01-01-2012,-8.01
01-01-2013,-14.23
01-01-2014,-5.21
01-01-2015,-24.57
01-01-2016,-23.89
01-01-2017,-5.76
01-01-2018,-8.37
01-01-2019,-15.03
01-01-2020,-7.38
01-02-2010,-16
01-02-2010,-16
01-02-2011,-11.5
01-02-2011,-11.5
01-02-2012,-28.4
01-02-2012,-28.4
01-02-2013,-11.4
01-02-2013,-11.4
01-02-2013,-11.4
01-02-2014,-24.72
01-02-2014,-24.72
01-02-2015,-13.1
01-02-2015,-13.1
01-02-2016,-9.73
01-02-2016,-9.73
01-02-2017,-14.94
01-02-2017,-14.94
01-02-2018,-17.31
01-02-2018,-17.31
01-02-2019,-21.6
01-02-2019,-21.6
01-02-2020,-10.86
01-02-2020,-10.86
01-03-2010,-10.8
01-03-2011,-16.3
01-03-2012,-5
01-03-2013,-14.2
01-03-2013,-14.2
01-03-2014,-7.13
01-03-2015,-6.11
01-03-2016,-5.21
01-03-2017,-6.08
01-03-2018,-18.74
01-03-2019,-6.1
01-03-2020,-0.94
01-04-2010,3.6
01-04-2010,3.6
01-04-2011,-2.8
01-04-2011,-2.8
01-04-2012,0.6
01-04-2012,0.6
01-04-2013,-1.1
01-04-2013,-1.1
01-04-2013,-1.1
01-04-2013,-1.1
01-04-2014,-1.92
01-04-2014,-1.92
01-04-2015,-0.39
01-04-2015,-0.39
01-04-2016,1.71
01-04-2016,1.71
01-04-2017,-6.72
01-04-2017,-6.72
01-04-2018,-7.5
01-04-2018,-7.5
01-04-2019,2.85
01-04-2019,2.85
01-04-2020,3.65
01-04-2020,3.65
01-05-2010,8
01-05-2011,13
01-05-2012,7
01-05-2013,6.3
01-05-2013,6.3
01-05-2014,11.28
01-05-2015,12.62
01-05-2016,5.98
01-05-2017,7.92
01-05-2018,3.17
01-05-2019,2.22
01-05-2020,7.59
01-06-2010,16.4
01-06-2010,16.4
01-06-2011,13.8
01-06-2011,13.8
01-06-2012,20.6
01-06-2012,20.6
01-06-2013,15.4
01-06-2013,15.4
01-06-2014,13.9
01-06-2014,13.9
01-06-2015,21.99
01-06-2015,21.99
01-06-2016,7.39
01-06-2016,7.39
01-06-2016,7.39
01-06-2017,10.9
01-06-2017,10.9
01-06-2018,6.23
01-06-2018,6.23
01-06-2019,15.47
01-06-2019,15.47
01-06-2020,11.76
01-06-2020,11.76
01-07-2010,16.6
01-07-2011,18.3
01-07-2012,23.8
01-07-2013,15.09
01-07-2014,14.97
01-07-2015,18.14
01-07-2016,17.58
01-07-2016,17.58
01-07-2017,16.16
01-07-2018,22
01-07-2019,19.15
01-07-2020,13.34
01-08-2010,25.3
01-08-2011,14.8
01-08-2012,20.8
01-08-2013,18.81
01-08-2014,14.25
01-08-2015,20.35
01-08-2016,20.36
01-08-2017,21.82
01-08-2018,16.48
01-08-2019,14.13
01-08-2020,19.37
01-09-2010,10.9
01-09-2010,10.9
01-09-2011,17.9
01-09-2011,17.9
01-09-2012,12.1
01-09-2012,12.1
01-09-2013,14.55
01-09-2013,14.55
01-09-2014,9.18
01-09-2014,9.18
01-09-2015,9.02
01-09-2015,9.02
01-09-2016,14.31
01-09-2016,14.31
01-09-2017,15.76
01-09-2017,15.76
01-09-2017,15.76
01-09-2018,9.67
01-09-2018,9.67
01-09-2019,9.18
01-09-2019,9.18
01-09-2020,18.01
01-09-2020,18.01
01-10-2010,3.7
01-10-2011,6.8
01-10-2012,10.5
01-10-2013,2.91
01-10-2014,7.25
01-10-2015,4.09
01-10-2016,5.73
01-10-2017,0.03
01-10-2017,0.03
01-10-2018,4.79
01-10-2019,6.48
01-10-2020,8.83
01-11-2010,-0.8
01-11-2010,-0.8
01-11-2011,1
01-11-2011,1
01-11-2012,3.5
01-11-2012,3.5
01-11-2013,1.36
01-11-2013,1.36
01-11-2014,1.33
01-11-2014,1.33
01-11-2015,-5.99
01-11-2015,-5.99
01-11-2016,-5.37
01-11-2016,-5.37
01-11-2017,1.64
01-11-2017,1.64
01-11-2018,-4.38
01-11-2018,-4.38
01-11-2019,-6.09
01-11-2019,-6.09
01-11-2020,1.29
01-11-2020,1.29
01-12-2010,-15.8
01-12-2011,-8.7
01-12-2012,-15
01-12-2013,-9.03
01-12-2014,-7.76
01-12-2015,-5.27
01-12-2016,-17.02
01-12-2017,-6.93
01-12-2018,-15.99
01-12-2019,-6.79
02-01-2010,-24.1
02-01-2011,-18.5
02-01-2012,-13.05
02-01-2013,-17.6
02-01-2014,-13.04
02-01-2015,-27.58
02-01-2016,-24.97
02-01-2017,-11.85
02-01-2018,-10.67
02-01-2019,-12.81
02-01-2020,-8.92
02-02-2010,-21.1
02-02-2011,-16.3
02-02-2012,-25
02-02-2013,-9.4
02-02-2013,-9.4
02-02-2014,-23.22
02-02-2015,-8.81
02-02-2016,-3.44
02-02-2017,-15.51
02-02-2018,-16.13
02-02-2019,-20.51
02-02-2020,-8.93
02-03-2010,-10.5
02-03-2011,-16.2
02-03-2012,-4.2
02-03-2013,-8.8
02-03-2013,-8.8
02-03-2014,-8.36
02-03-2015,-5.66
02-03-2016,-7.74
02-03-2017,-4.66
02-03-2018,-13.14
02-03-2019,-4.49
02-03-2020,-2.89
02-04-2010,1.9
02-04-2011,-3
02-04-2012,3.1
02-04-2013,1.5
02-04-2013,1.5
02-04-2014,-1.81
02-04-2015,-0.56
02-04-2016,1.86
02-04-2017,-5.01
02-04-2018,-2.59
02-04-2019,2.02
02-04-2020,1.03
02-05-2010,12.8
02-05-2011,12.6
02-05-2012,7.6
02-05-2013,6.29
02-05-2014,11.16
02-05-2015,9.18
02-05-2016,4.81
02-05-2017,11.17
02-05-2018,5.01
02-05-2019,7.53
02-05-2020,6.88
02-06-2010,16.9
02-06-2011,15
02-06-2012,20.7
02-06-2013,15
02-06-2014,17.86
02-06-2015,21.98
02-06-2016,11.05
02-06-2016,11.05
02-06-2017,15.31
02-06-2018,6.12
02-06-2019,15.73
02-06-2020,11.02
02-07-2010,17.1
02-07-2011,20.7
02-07-2012,24.3
02-07-2013,16.54
02-07-2014,18.19
02-07-2015,17.22
02-07-2016,19.28
02-07-2017,18.07
02-07-2018,20.22
02-07-2019,18.32
02-07-2020,15.16
02-08-2010,26.7
02-08-2011,15.4
02-08-2012,23.2
02-08-2013,18.84
02-08-2014,15.39
02-08-2015,19.66
02-08-2016,21.64
02-08-2017,19.89
02-08-2018,16.23
02-08-2019,14.67
02-08-2020,22.15
02-09-2010,9.9
02-09-2011,19.3
02-09-2012,7.9
02-09-2013,14.51
02-09-2014,9.04
02-09-2015,9.02
02-09-2016,14.73
02-09-2017,16.56
02-09-2017,16.56
02-09-2018,11.12
02-09-2019,9.98
02-09-2020,14.45
02-10-2010,1.7
02-10-2011,8.3
02-10-2012,6.8
02-10-2013,1.81
02-10-2014,5.34
02-10-2015,3.98
02-10-2016,7.22
02-10-2017,-1.46
02-10-2018,6.56
02-10-2019,9.54
02-10-2020,9.21
02-11-2010,-0.2
02-11-2011,2.5
02-11-2012,2.3
02-11-2013,-1.96
02-11-2014,-2.31
02-11-2015,-4.48
02-11-2016,-8.17
02-11-2017,1.19
02-11-2018,-0.23
02-11-2019,-7.09
02-11-2020,-1.55
02-12-2010,-22.8
02-12-2011,-10
02-12-2012,-11.5
02-12-2013,-8.64
02-12-2014,-18.29
02-12-2015,-5.24
02-12-2016,-18.8
02-12-2017,-8.6
02-12-2018,-12.91
02-12-2019,-6.69
03-01-2010,-16.3
03-01-2011,-17.5
03-01-2012,-16.47
03-01-2013,-18.78
03-01-2014,-25.12
03-01-2015,-22.51
03-01-2016,-23.29
03-01-2017,-14.8
03-01-2018,-11.23
03-01-2019,-8.91
03-01-2020,-12.03
03-02-2010,-21.9
03-02-2011,-13.8
03-02-2012,-24.6
03-02-2013,-9.4
03-02-2013,-9.4
03-02-2014,-18.42
03-02-2015,-6.24
03-02-2016,-2.99
03-02-2017,-16.33
03-02-2018,-14.86
03-02-2019,-23.25
03-02-2020,-9.43
03-03-2010,-7.8
03-03-2011,-14.5
03-03-2012,-7.1
03-03-2013,-13.1
03-03-2013,-13.1
03-03-2014,-8.59
03-03-2015,-7.26
03-03-2016,-7.92
03-03-2017,-1.58
03-03-2018,-13.13
03-03-2019,-6.14
03-03-2020,-0.72
03-04-2010,3.4
03-04-2011,-2.8
03-04-2012,2.3
03-04-2013,4.5
03-04-2013,4.5
03-04-2014,-1.03
03-04-2015,-0.46
03-04-2016,2.88
03-04-2017,-3.01
03-04-2018,-3.39
03-04-2019,1.5
03-04-2020,2.17
03-05-2010,16.9
03-05-2011,8.8
03-05-2012,5.9
03-05-2013,6.47
03-05-2014,10.98
03-05-2015,12.67
03-05-2016,8.14
03-05-2017,12.81
03-05-2018,5.52
03-05-2019,10.05
03-05-2020,5.53
03-06-2010,18.6
03-06-2011,16.1
03-06-2012,20.9
03-06-2013,13.5
03-06-2014,16.31
03-06-2015,20.13
03-06-2016,14.43
03-06-2016,14.43
03-06-2017,15.91
03-06-2018,7.95
03-06-2019,16.24
03-06-2020,11.59
03-07-2010,20.8
03-07-2011,22.7
03-07-2012,25.1
03-07-2013,17.4
03-07-2014,19.63
03-07-2015,15.1
03-07-2016,19.3
03-07-2017,19.12
03-07-2018,19.39
03-07-2019,19.33
03-07-2020,18.7
03-08-2010,25.8
03-08-2011,12.9
03-08-2012,21.8
03-08-2013,19.39
03-08-2014,18.61
03-08-2015,17.88
03-08-2016,22.82
03-08-2017,17
03-08-2018,17.09
03-08-2019,14.42
03-08-2020,21.96
03-09-2010,15.2
03-09-2011,19.3
03-09-2012,8.1
03-09-2013,15.05
03-09-2014,9.84
03-09-2015,9.08
03-09-2016,15.31
03-09-2017,17.03
03-09-2017,17.03
03-09-2018,11.6
03-09-2019,10.9
03-09-2020,10
03-10-2010,1.5
03-10-2011,7.4
03-10-2012,1.4
03-10-2013,0.77
03-10-2014,4.34
03-10-2015,5.15
03-10-2016,6.62
03-10-2017,0.23
03-10-2018,8.54
03-10-2019,10.83
03-10-2020,7.92
03-11-2010,1.4
03-11-2011,4.3
03-11-2012,-1.89
03-11-2013,-0.25
03-11-2014,-6
03-11-2015,-2.76
03-11-2016,-11.03
03-11-2017,-0.87
03-11-2018,-1.56
03-11-2019,-7.39
03-11-2020,-2.67
03-12-2010,-22.8
03-12-2011,-8.4
03-12-2012,-8.9
03-12-2013,-5.51
03-12-2014,-24.4
03-12-2015,-5.95
03-12-2016,-16.24
03-12-2017,-5.36
03-12-2018,-14.17
03-12-2019,-9.1
04-01-2010,-13.3
04-01-2011,-18
04-01-2012,-17.47
04-01-2013,-16.24
04-01-2014,-26
04-01-2015,-9.62
04-01-2016,-22.03
04-01-2017,-17.39
04-01-2018,-11.9
04-01-2019,-10.13
04-01-2020,-5.63
04-02-2010,-19.7
04-02-2011,-11.8
04-02-2012,-13.7
04-02-2013,-7.2
04-02-2013,-7.2
04-02-2014,-18.72
04-02-2015,-9
04-02-2016,-4.18
04-02-2017,-17.23
04-02-2018,-13.53
04-02-2019,-24.61
04-02-2020,-4.15
04-03-2010,-8.4
04-03-2011,-14.3
04-03-2012,-6.1
04-03-2013,-17.2
04-03-2013,-17.2
04-03-2014,-8.24
04-03-2015,-9.52
04-03-2016,-7.35
04-03-2017,-0.73
04-03-2018,-12.21
04-03-2019,-8.77
04-03-2020,-1.58
04-04-2010,5.6
04-04-2011,3.4
04-04-2012,1.1
04-04-2013,3
04-04-2013,3
04-04-2014,-1.23
04-04-2015,1.05
04-04-2016,3.1
04-04-2017,-6.06
04-04-2018,1.21
04-04-2019,1.81
04-04-2020,3.95
04-05-2010,17
04-05-2011,12.7
04-05-2012,5.3
04-05-2013,9.8
04-05-2014,7.72
04-05-2015,14.88
04-05-2016,10.3
04-05-2017,9.06
04-05-2018,4.57
04-05-2019,11.65
04-05-2020,7.61
04-06-2010,19.8
04-06-2011,17.2
04-06-2012,18
04-06-2013,14.7
04-06-2014,14.17
04-06-2015,20.53
04-06-2016,15.14
04-06-2016,15.14
04-06-2017,13.33
04-06-2018,10.27
04-06-2019,13.92
04-06-2020,13.46
04-07-2010,22.7
04-07-2011,24.2
04-07-2012,25.8
04-07-2013,19.31
04-07-2014,20.04
04-07-2015,10.83
04-07-2016,20.17
04-07-2017,16.17
04-07-2018,20.66
04-07-2019,19.66
04-07-2020,19.95
04-08-2010,24.3
04-08-2011,14.3
04-08-2012,21.5
04-08-2013,19.92
04-08-2014,19.48
04-08-2015,16.16
04-08-2016,24.06
04-08-2017,18.36
04-08-2018,13.74
04-08-2019,15.35
04-08-2020,21.93
04-09-2010,19.7
04-09-2011,19.2
04-09-2012,9.7
04-09-2013,13.5
04-09-2014,10.4
04-09-2015,8.83
04-09-2016,15.05
04-09-2017,11.94
04-09-2017,11.94
04-09-2018,12.13
04-09-2019,10.99
04-09-2020,9.15
04-10-2010,3.3
04-10-2011,6.4
04-10-2012,1.1
04-10-2013,0.38
04-10-2014,3.47
04-10-2015,3.64
04-10-2016,6.38
04-10-2017,0.19
04-10-2018,11.5
04-10-2019,10.81
04-10-2020,3.21
04-11-2010,2
04-11-2011,-1
04-11-2012,-0.3
04-11-2013,0.47
04-11-2014,-4.31
04-11-2015,-0.6
04-11-2016,-11.28
04-11-2017,-1.34
04-11-2018,-0.56
04-11-2019,-5.89
04-11-2020,0.21
04-12-2010,-12.9
04-12-2011,-9.8
04-12-2012,-7.6
04-12-2013,-12.87
04-12-2014,-19.85
04-12-2015,-5.29
04-12-2016,-14.62
04-12-2017,-3.22
04-12-2018,-11.29
04-12-2019,-10.24
05-01-2010,-17.1
05-01-2011,-18.5
05-01-2012,-16.32
05-01-2013,-13.06
05-01-2014,-18.77
05-01-2015,-7.65
05-01-2016,-22.54
05-01-2017,-24.03
05-01-2018,-12.35
05-01-2019,-13.56
05-01-2020,-3.17
05-02-2010,-18.9
05-02-2011,-11.8
05-02-2012,-15.7
05-02-2013,-5.3
05-02-2013,-5.3
05-02-2014,-22.15
05-02-2015,-10.48
05-02-2016,-3.53
05-02-2017,-18.47
05-02-2018,-10.25
05-02-2019,-26.56
05-02-2020,-1.95
05-03-2010,-7.4
05-03-2011,-15
05-03-2012,-4.9
05-03-2013,-16.7
05-03-2013,-16.7
05-03-2014,-8.19
05-03-2015,-10.78
05-03-2016,-9.11
05-03-2017,-1.67
05-03-2018,-8.49
05-03-2019,-9.69
05-03-2020,-6.73
05-04-2010,5.8
05-04-2011,5.8
05-04-2012,1.4
05-04-2013,1.8
05-04-2013,1.8
05-04-2014,0.08
05-04-2015,1.93
05-04-2016,2.08
05-04-2017,-2.87
05-04-2018,2.04
05-04-2019,2.78
05-04-2020,4.61
05-05-2010,17.9
05-05-2011,10.9
05-05-2012,6.4
05-05-2013,9.6
05-05-2014,4.98
05-05-2015,15.05
05-05-2016,10.91
05-05-2017,4.13
05-05-2018,2.51
05-05-2019,14.05
05-05-2020,12.89
05-06-2010,23.3
05-06-2011,18.5
05-06-2012,12.9
05-06-2013,14.2
05-06-2014,14.86
05-06-2015,20.28
05-06-2016,15.64
05-06-2016,15.64
05-06-2017,11.26
05-06-2018,16.85
05-06-2019,13.36
05-06-2020,15.89
05-07-2010,19.1
05-07-2011,19.8
05-07-2012,24
05-07-2013,21.64
05-07-2014,21.22
05-07-2015,12.72
05-07-2016,20.47
05-07-2017,15.45
05-07-2018,20.94
05-07-2019,18.56
05-07-2020,20.75
05-08-2010,23.8
05-08-2011,14.3
05-08-2012,22.5
05-08-2013,18.86
05-08-2014,19.25
05-08-2015,15.01
05-08-2016,24.5
05-08-2017,18.37
05-08-2018,15.62
05-08-2019,16.55
05-08-2020,22.03
05-09-2010,16.5
05-09-2011,19.2
05-09-2012,11.8
05-09-2013,13.03
05-09-2014,11.1
05-09-2015,10.87
05-09-2016,15.01
05-09-2017,8.98
05-09-2017,8.98
05-09-2018,13.74
05-09-2019,11.13
05-09-2020,10.18
05-10-2010,2.5
05-10-2011,5.3
05-10-2012,2.8
05-10-2013,1.1
05-10-2014,3.61
05-10-2015,3.22
05-10-2016,6.49
05-10-2017,-0.18
05-10-2018,11
05-10-2019,11.66
05-10-2020,2.17
05-11-2010,3.5
05-11-2011,-11.3
05-11-2012,1.4
05-11-2013,0.7
05-11-2014,-1.46
05-11-2015,0.03
05-11-2016,-8.46
05-11-2017,-0.84
05-11-2018,-2.6
05-11-2019,-0.79
05-11-2020,2.31
05-12-2010,-7.7
05-12-2011,-6.5
05-12-2012,-2.2
05-12-2013,-12.59
05-12-2014,-19.52
05-12-2015,-5.05
05-12-2016,-15.33
05-12-2017,-2.84
05-12-2018,-9.65
05-12-2019,-9.15
06-01-2010,-23
06-01-2012,-8.82
06-01-2013,-10.7
06-01-2014,-16.72
06-01-2015,-7.35
06-01-2016,-22.69
06-01-2017,-22.04
06-01-2018,-14.48
06-01-2019,-11.21
06-01-2020,-2.86
06-02-2010,-20.3
06-02-2011,-9.9
06-02-2012,-19.4
06-02-2013,-4.3
06-02-2013,-4.3
06-02-2014,-23.13
06-02-2015,-10.43
06-02-2016,-5
06-02-2017,-19.32
06-02-2018,-10.85
06-02-2019,-25.96
06-02-2020,-6.14
06-03-2010,-6.5
06-03-2011,-10
06-03-2012,-5
06-03-2013,-17.6
06-03-2013,-17.6
06-03-2014,-5.69
06-03-2015,-11.55
06-03-2016,-9.4
06-03-2017,-1.66
06-03-2018,-8
06-03-2019,-5.14
06-03-2020,-11.08
06-04-2010,3.1
06-04-2011,4.9
06-04-2012,3.7
06-04-2013,8
06-04-2013,8
06-04-2014,0.52
06-04-2015,1.34
06-04-2016,1.56
06-04-2017,1.18
06-04-2018,1.39
06-04-2019,2.4
06-04-2020,1.56
06-05-2010,19.9
06-05-2011,9.2
06-05-2012,4.71
06-05-2013,13.5
06-05-2014,11.05
06-05-2015,10.28
06-05-2016,7.4
06-05-2017,4.36
06-05-2018,4.38
06-05-2019,16.22
06-05-2020,15.61
06-06-2010,22.2
06-06-2011,18.4
06-06-2012,15.4
06-06-2013,13.2
06-06-2014,12.68
06-06-2015,18.26
06-06-2016,16.37
06-06-2016,16.37
06-06-2017,11.23
06-06-2018,19.91
06-06-2019,16.11
06-06-2020,17.85
06-07-2010,15.8
06-07-2011,19.8
06-07-2012,21.9
06-07-2013,22.47
06-07-2014,22.55
06-07-2015,14.16
06-07-2016,20.49
06-07-2017,13.9
06-07-2018,20.58
06-07-2019,16.98
06-07-2020,22.22
06-08-2010,25.4
06-08-2011,15.9
06-08-2012,24.1
06-08-2013,16.7
06-08-2014,19.3
06-08-2015,13.04
06-08-2016,21.87
06-08-2017,18.47
06-08-2018,18.62
06-08-2019,16.07
06-08-2020,22.78
06-09-2010,13.7
06-09-2011,20.4
06-09-2012,14
06-09-2013,13
06-09-2014,11.69
06-09-2015,12.44
06-09-2016,14.4
06-09-2017,9.54
06-09-2017,9.54
06-09-2018,13.13
06-09-2019,12.13
06-09-2020,10.86
06-10-2010,4.2
06-10-2011,7.4
06-10-2012,8.3
06-10-2013,0.94
06-10-2014,2.39
06-10-2015,5.84
06-10-2016,3.89
06-10-2017,2.95
06-10-2018,8.69
06-10-2019,10.75
06-10-2020,3.55
06-11-2010,4.1
06-11-2011,-14.5
06-11-2012,-0.4
06-11-2013,0.1
06-11-2014,-1.09
06-11-2015,-0.67
06-11-2016,-7.45
06-11-2017,-0.59
06-11-2018,-3.97
06-11-2019,2.65
06-11-2020,3.17
06-12-2010,-3.3
06-12-2011,-1.3
06-12-2012,-4.6
06-12-2013,-7.51
06-12-2014,-24.32
06-12-2015,-5.68
06-12-2016,-14.9
06-12-2017,-3.96
06-12-2018,-10.59
06-12-2019,-6.3
07-01-2010,-25.8
07-01-2012,-6.89
07-01-2013,-14.9
07-01-2014,-13.42
07-01-2015,-13.83
07-01-2016,-23.77
07-01-2017,-20.22
07-01-2018,-13.63
07-01-2019,-14.22
07-01-2020,-9.23
07-02-2010,-20.1
07-02-2011,-8.2
07-02-2012,-17.8
07-02-2013,-5.3
07-02-2013,-5.3
07-02-2014,-23.12
07-02-2015,-12.37
07-02-2016,-9.1
07-02-2017,-25.56
07-02-2018,-13.61
07-02-2019,-25.12
07-02-2020,-11.8
07-03-2010,-7.4
07-03-2011,-4.3
07-03-2012,-6.3
07-03-2013,-16.9
07-03-2013,-16.9
07-03-2014,-6.79
07-03-2015,-10.21
07-03-2016,-7.84
07-03-2017,-2.23
07-03-2018,-12.2
07-03-2019,-2.03
07-03-2020,-5.37
07-04-2010,-0.3
07-04-2011,6.8
07-04-2012,1.7
07-04-2013,7.5
07-04-2013,7.5
07-04-2014,0.77
07-04-2015,2.15
07-04-2016,2.38
07-04-2017,1.85
07-04-2018,0.85
07-04-2019,3.54
07-04-2020,-0.3
07-05-2010,17.1
07-05-2011,10.5
07-05-2012,7.28
07-05-2013,10.8
07-05-2014,11.2
07-05-2015,6.21
07-05-2016,6.84
07-05-2017,5.12
07-05-2018,5.98
07-05-2019,16.96
07-05-2020,16.43
07-06-2010,14.2
07-06-2011,17.7
07-06-2012,18.8
07-06-2013,12.7
07-06-2014,10.23
07-06-2015,15.58
07-06-2016,16.85
07-06-2016,16.85
07-06-2017,12.3
07-06-2018,16.28
07-06-2019,15.34
07-06-2020,18.99
07-07-2010,17
07-07-2011,22.5
07-07-2012,17.7
07-07-2013,20.28
07-07-2014,20.24
07-07-2015,11.34
07-07-2016,20.52
07-07-2017,14.61
07-07-2018,20.79
07-07-2019,17.02
07-07-2020,23.47
07-08-2010,26
07-08-2011,15.2
07-08-2012,21.6
07-08-2013,15.92
07-08-2014,17.93
07-08-2015,12.9
07-08-2016,20.87
07-08-2017,16.91
07-08-2018,18.84
07-08-2019,14.62
07-08-2020,22.14
07-09-2010,9.2
07-09-2011,17.1
07-09-2012,15.7
07-09-2013,13.48
07-09-2014,9.44
07-09-2015,15.99
07-09-2016,12.63
07-09-2017,9.34
07-09-2017,9.34
07-09-2018,12.41
07-09-2019,12.01
07-09-2020,11.78
07-10-2010,6.1
07-10-2011,8.1
07-10-2012,9.2
07-10-2013,2.68
07-10-2014,0.88
07-10-2015,3.57
07-10-2016,2.22
07-10-2017,5.58
07-10-2018,6.48
07-10-2019,9.01
07-10-2020,3.24
07-11-2010,-0.2
07-11-2011,-11.7
07-11-2012,-0.6
07-11-2013,3.03
07-11-2014,-8.86
07-11-2015,-2.04
07-11-2016,-9.56
07-11-2017,-0.67
07-11-2018,-0.82
07-11-2019,2.84
07-11-2020,2.65
07-12-2010,-5.5
07-12-2011,-3.9
07-12-2012,-8.7
07-12-2013,-8.29
07-12-2014,-18.85
07-12-2015,-2.08
07-12-2016,-15.36
07-12-2017,-5.69
07-12-2018,-10.93
07-12-2019,-1.78
08-01-2010,-22.9
08-01-2012,-9.2
08-01-2013,-16.2
08-01-2014,-10.4
08-01-2015,-25.2
08-01-2016,-21.54
08-01-2017,-22.94
08-01-2018,-10.99
08-01-2019,-17.78
08-01-2020,-12.08
08-02-2010,-22.7
08-02-2011,-8.5
08-02-2012,-15.4
08-02-2013,-7.5
08-02-2013,-7.5
08-02-2014,-23.85
08-02-2015,-14.49
08-02-2016,-10.59
08-02-2017,-26.61
08-02-2018,-13.78
08-02-2019,-18.97
08-02-2020,-14.85
08-03-2010,-7
08-03-2011,-8.6
08-03-2012,-6.84
08-03-2013,-11.28
08-03-2013,-11.28
08-03-2014,-6.96
08-03-2015,-11.12
08-03-2016,-6.19
08-03-2017,-6.85
08-03-2018,-13.34
08-03-2019,-7.51
08-03-2020,-1.26
08-04-2010,2.3
08-04-2011,6
08-04-2012,7.4
08-04-2013,5.3
08-04-2013,5.3
08-04-2014,0.46
08-04-2015,2.98
08-04-2016,2.95
08-04-2017,0.99
08-04-2018,1.16
08-04-2019,5.17
08-04-2020,-1.61
08-05-2010,8.5
08-05-2011,14
08-05-2012,12.8
08-05-2013,8.5
08-05-2014,7.96
08-05-2015,6.89
08-05-2016,3.91
08-05-2017,3.84
08-05-2018,6.07
08-05-2019,14.08
08-05-2020,19.4
08-06-2010,14.1
08-06-2011,17.2
08-06-2012,22.5
08-06-2013,13.6
08-06-2014,11.35
08-06-2015,15.16
08-06-2016,17.97
08-06-2016,17.97
08-06-2017,12.29
08-06-2018,11.91
08-06-2019,14.89
08-06-2020,20.23
08-07-2010,18.6
08-07-2011,23.9
08-07-2012,17.2
08-07-2013,19.39
08-07-2014,15.64
08-07-2015,12.32
08-07-2016,20.89
08-07-2017,14.81
08-07-2018,21.25
08-07-2019,15.69
08-07-2020,25.59
08-08-2010,24.2
08-08-2011,16.7
08-08-2012,21.2
08-08-2013,16.4
08-08-2014,19.44
08-08-2015,13.97
08-08-2016,21.66
08-08-2017,17.18
08-08-2018,18.61
08-08-2019,13.88
08-08-2020,19.96
08-09-2010,6.7
08-09-2011,14.5
08-09-2012,17.6
08-09-2013,13.67
08-09-2014,7.76
08-09-2015,16.82
08-09-2016,10.1
08-09-2017,10.04
08-09-2017,10.04
08-09-2018,11.89
08-09-2019,12.21
08-09-2020,12.3
08-10-2010,5.4
08-10-2011,10.5
08-10-2012,10.1
08-10-2013,4.78
08-10-2014,1.84
08-10-2015,1.96
08-10-2016,3.34
08-10-2017,6.2
08-10-2018,7.96
08-10-2019,8.17
08-10-2020,2.32
08-11-2010,0.3
08-11-2011,-11.1
08-11-2012,1.7
08-11-2013,4.86
08-11-2014,-12.83
08-11-2015,-5.47
08-11-2016,-10.34
08-11-2017,-0.56
08-11-2018,-5.05
08-11-2019,-4.81
08-11-2020,1.09
08-12-2010,-7.9
08-12-2011,-8.5
08-12-2012,-12.7
08-12-2013,-6.03
08-12-2014,-10.32
08-12-2015,-0.81
08-12-2016,-22
08-12-2017,-6.36
08-12-2018,-10.16
08-12-2019,-5.21
09-01-2010,-22.2
09-01-2011,-20.8
09-01-2012,-12.6
09-01-2013,-14.7
09-01-2014,-5.8
09-01-2015,-25.23
09-01-2016,-14.92
09-01-2017,-28.54
09-01-2018,-9.96
09-01-2019,-16.06
09-01-2020,-10.62
09-02-2010,-23.5
09-02-2011,-15.5
09-02-2012,-15.5
09-02-2013,-8.8
09-02-2013,-8.8
09-02-2014,-22.76
09-02-2015,-14.02
09-02-2016,-12.24
09-02-2017,-26.71
09-02-2018,-14.45
09-02-2019,-17.52
09-02-2020,-19.55
09-03-2010,-6.1
09-03-2011,-7.8
09-03-2012,-5.8
09-03-2013,-12.6
09-03-2013,-12.6
09-03-2014,-2.27
09-03-2015,-9.22
09-03-2016,-6.24
09-03-2017,-7.88
09-03-2018,-13.85
09-03-2019,-5.44
09-03-2020,-1.69
09-04-2010,3.4
09-04-2011,5
09-04-2012,12.2
09-04-2013,3.6
09-04-2013,3.6
09-04-2014,-2.37
09-04-2015,2.9
09-04-2016,4.26
09-04-2017,2.85
09-04-2018,2
09-04-2019,4.4
09-04-2020,1.11
09-05-2010,11.1
09-05-2011,15.8
09-05-2012,16.7
09-05-2013,5.91
09-05-2014,7.4
09-05-2015,4.58
09-05-2016,5.99
09-05-2017,8.37
09-05-2018,8.06
09-05-2019,14.43
09-05-2020,20.2
09-06-2010,16
09-06-2011,18
09-06-2012,23.1
09-06-2013,14.5
09-06-2014,13.58
09-06-2015,14.33
09-06-2016,16.49
09-06-2016,16.49
09-06-2017,13.71
09-06-2018,11.51
09-06-2019,16.37
09-06-2020,21.5
09-07-2010,19.5
09-07-2011,20.4
09-07-2012,19.9
09-07-2013,18.82
09-07-2014,16.05
09-07-2015,13.41
09-07-2016,21.94
09-07-2017,15.85
09-07-2018,21.92
09-07-2019,17.04
09-07-2020,25.07
09-08-2010,19.2
09-08-2011,20.3
09-08-2012,23.8
09-08-2013,17.85
09-08-2014,20.72
09-08-2015,15.19
09-08-2016,22.74
09-08-2017,14.65
09-08-2018,15.35
09-08-2019,14.3
09-08-2020,17.82
09-09-2010,8.8
09-09-2011,14.7
09-09-2012,14.4
09-09-2013,13.52
09-09-2014,6.67
09-09-2015,16.38
09-09-2016,10.17
09-09-2017,9.41
09-09-2017,9.41
09-09-2018,11.06
09-09-2019,11.98
09-09-2020,14.09
09-10-2010,5.6
09-10-2011,12
09-10-2012,10.3
09-10-2013,1.04
09-10-2014,0.97
09-10-2015,0.02
09-10-2016,2.56
09-10-2017,5.87
09-10-2018,5.51
09-10-2019,6.34
09-10-2020,5.16
09-11-2010,0.8
09-11-2011,-7.9
09-11-2012,0.9
09-11-2013,4.47
09-11-2014,-8.57
09-11-2015,-8.61
09-11-2016,-12.11
09-11-2017,-1.83
09-11-2018,-11.91
09-11-2019,-9.74
09-11-2020,0.39
09-12-2010,-5.5
09-12-2011,-11
09-12-2012,-16.9
09-12-2013,-6.62
09-12-2014,-9.36
09-12-2015,-2.98
09-12-2016,-22.9
09-12-2017,-8.92
09-12-2018,-9.97
09-12-2019,-1.37
10-01-2010,-14.3
10-01-2011,-15.6
10-01-2012,-14.5
10-01-2013,-18.1
10-01-2014,-5.72
10-01-2015,-22.35
10-01-2016,-10.43
10-01-2017,-24.18
10-01-2018,-10.65
10-01-2019,-20.05
10-01-2020,-7.7
10-02-2010,-22.1
10-02-2011,-13.3
10-02-2012,-17.7
10-02-2013,-5.9
10-02-2013,-5.9
10-02-2014,-18.83
10-02-2015,-9.6
10-02-2016,-9.78
10-02-2017,-26.13
10-02-2018,-14.86
10-02-2019,-13.57
10-02-2020,-14.53
10-03-2010,-8.6
10-03-2011,-6.1
10-03-2012,-9.3
10-03-2013,-10.9
10-03-2013,-10.9
10-03-2014,0.06
10-03-2015,-2.35
10-03-2016,-5.44
10-03-2017,-6.35
10-03-2018,-16.54
10-03-2019,-1.28
10-03-2020,-1.39
10-04-2010,3.9
10-04-2011,4.2
10-04-2012,13.5
10-04-2013,3.1
10-04-2013,3.1
10-04-2014,-6.62
10-04-2015,3.54
10-04-2016,6
10-04-2017,3.51
10-04-2018,3.09
10-04-2019,3.22
10-04-2020,5.79
10-05-2010,13.7
10-05-2011,16.8
10-05-2012,17.5
10-05-2013,6.41
10-05-2014,11.43
10-05-2015,5.16
10-05-2016,8.82
10-05-2017,9.37
10-05-2018,5.76
10-05-2019,16.76
10-05-2020,18.94
10-06-2010,16.5
10-06-2011,18.5
10-06-2012,19.49
10-06-2013,17.1
10-06-2014,15.44
10-06-2015,12.08
10-06-2016,15.73
10-06-2016,15.73
10-06-2017,12.65
10-06-2018,11.86
10-06-2019,18.57
10-06-2020,23.48
10-07-2010,22.7
10-07-2011,16.2
10-07-2012,22.6
10-07-2013,19
10-07-2014,15.96
10-07-2015,14.96
10-07-2016,20.51
10-07-2017,15.36
10-07-2018,21.33
10-07-2019,19
10-07-2020,24.79
10-08-2010,21.6
10-08-2011,22.7
10-08-2012,24.1
10-08-2013,18.68
10-08-2014,21.18
10-08-2015,15.77
10-08-2016,23.03
10-08-2017,12.44
10-08-2018,14.53
10-08-2019,17.37
10-08-2020,17.54
10-09-2010,5.7
10-09-2011,14.5
10-09-2012,14.2
10-09-2013,11.78
10-09-2014,7.44
10-09-2015,13.84
10-09-2016,10.15
10-09-2017,7.97
10-09-2017,7.97
10-09-2018,7.28
10-09-2019,10.28
10-09-2020,14.09
10-10-2010,5.3
10-10-2011,11.5
10-10-2012,13.5
10-10-2013,-0.21
10-10-2014,2.31
10-10-2015,-0.43
10-10-2016,1.84
10-10-2017,5.4
10-10-2018,4.42
10-10-2019,5.87
10-10-2020,5.66
10-11-2010,2.5
10-11-2011,-6.4
10-11-2012,0.9
10-11-2013,2.6
10-11-2014,-4.32
10-11-2015,-12.69
10-11-2016,-12.11
10-11-2017,-6.97
10-11-2018,-13.15
10-11-2019,-9.89
10-11-2020,-2.03
10-12-2010,-5.3
10-12-2011,-14.8
10-12-2012,-19.3
10-12-2013,-7.64
10-12-2014,-8.86
10-12-2015,-5.6
10-12-2016,-16.19
10-12-2017,-12.74
10-12-2018,-10
10-12-2019,-1.9
11-01-2010,-19.8
11-01-2011,-8.6
11-01-2012,-16.3
11-01-2013,-18.5
11-01-2014,-9.12
11-01-2015,-17.61
11-01-2016,-8.99
11-01-2017,-16.91
11-01-2018,-15.02
11-01-2019,-19.72
11-01-2020,-7.81
11-02-2010,-20.2
11-02-2011,-11
11-02-2012,-18.9
11-02-2013,-5.6
11-02-2013,-5.6
11-02-2014,-17.77
11-02-2015,-7.84
11-02-2016,-5.68
11-02-2017,-25.43
11-02-2018,-14.22
11-02-2019,-14.4
11-02-2020,-9.21
11-03-2010,-8.6
11-03-2011,-7.4
11-03-2012,-11.3
11-03-2013,-9.3
11-03-2013,-9.3
11-03-2014,0.04
11-03-2015,-1.44
11-03-2016,-4.3
11-03-2017,-3.65
11-03-2018,-18.7
11-03-2019,0.47
11-03-2020,1.91
11-04-2010,4.6
11-04-2011,6.8
11-04-2012,8.7
11-04-2013,6.8
11-04-2013,6.8
11-04-2014,-6.78
11-04-2015,3.39
11-04-2016,5.43
11-04-2017,3.7
11-04-2018,3.74
11-04-2019,5.22
11-04-2020,6.77
11-05-2010,14.8
11-05-2011,10.5
11-05-2012,16.7
11-05-2013,7.9
11-05-2014,14.41
11-05-2015,8.58
11-05-2016,7.86
11-05-2017,8.22
11-05-2018,7.67
11-05-2019,17.03
11-05-2020,17.18
11-06-2010,11.8
11-06-2011,18
11-06-2012,17.6
11-06-2013,18.6
11-06-2014,13.89
11-06-2015,12.13
11-06-2016,17.16
11-06-2016,17.16
11-06-2017,12.83
11-06-2018,10.83
11-06-2019,18.18
11-06-2020,22.41
11-07-2010,21.9
11-07-2011,13.1
11-07-2012,24.5
11-07-2013,20.01
11-07-2014,12.83
11-07-2015,18.18
11-07-2016,20.67
11-07-2017,14.92
11-07-2018,19.88
11-07-2019,20.46
11-07-2020,23.58
11-08-2010,26.7
11-08-2011,23.9
11-08-2012,23.7
11-08-2013,19
11-08-2014,16.56
11-08-2015,15.6
11-08-2016,23.11
11-08-2017,12.8
11-08-2018,16.39
11-08-2019,18.38
11-08-2020,16.78
11-09-2010,3.3
11-09-2011,13.6
11-09-2012,10.5
11-09-2013,10.93
11-09-2014,8.94
11-09-2015,10.14
11-09-2016,9.93
11-09-2017,5.71
11-09-2017,5.71
11-09-2018,7.82
11-09-2019,10.66
11-09-2020,13.51
11-10-2010,6.1
11-10-2011,12.1
11-10-2012,10.2
11-10-2013,1.38
11-10-2014,2.72
11-10-2015,-0.93
11-10-2016,0.75
11-10-2017,4.38
11-10-2018,5.27
11-10-2019,4.55
11-10-2020,7.03
11-11-2010,5.1
11-11-2011,-6.2
11-11-2012,-0.9
11-11-2013,2.6
11-11-2014,-1.79
11-11-2015,-9.77
11-11-2016,-10.43
11-11-2017,-6.97
11-11-2018,-11.7
11-11-2019,-7.43
11-11-2020,-4.01
11-12-2010,-4.3
11-12-2011,-16.5
11-12-2012,-22.5
11-12-2013,-10.82
11-12-2014,-8.13
11-12-2015,-3.55
11-12-2016,-11.24
11-12-2017,-16.2
11-12-2018,-10.71
11-12-2019,-2
12-01-2010,-22.8
12-01-2011,-8.3
12-01-2012,-14.3
12-01-2013,-19.8
12-01-2014,-5.13
12-01-2015,-13.27
12-01-2016,-11.98
12-01-2017,-16.2
12-01-2018,-20.24
12-01-2019,-16.51
12-01-2020,-7.04
12-02-2010,-17.6
12-02-2011,-16
12-02-2012,-17.7
12-02-2013,-7.9
12-02-2013,-7.9
12-02-2014,-19.46
12-02-2015,-6.35
12-02-2016,-6.62
12-02-2017,-21.51
12-02-2018,-15.17
12-02-2019,-11.71
12-02-2020,-8.32
12-03-2010,-8.1
12-03-2011,-7.2
12-03-2012,-12.7
12-03-2013,-11.4
12-03-2013,-11.4
12-03-2014,-0.63
12-03-2015,-0.63
12-03-2016,-3.25
12-03-2017,-2.84
12-03-2018,-17.55
12-03-2019,0.73
12-03-2020,3.11
12-04-2010,2.9
12-04-2011,6
12-04-2012,6
12-04-2013,5.2
12-04-2013,5.2
12-04-2014,-1.71
12-04-2015,3.03
12-04-2016,2.1
12-04-2017,5.85
12-04-2018,-0.56
12-04-2019,7.11
12-04-2020,6.58
12-05-2010,18
12-05-2011,4.5
12-05-2012,16.3
12-05-2013,8.7
12-05-2014,18.96
12-05-2015,11.63
12-05-2016,10.65
12-05-2017,7.95
12-05-2018,8.14
12-05-2019,15.18
12-05-2020,17.34
12-06-2010,13
12-06-2011,11.9
12-06-2012,19
12-06-2013,20.3
12-06-2014,14.28
12-06-2015,14.02
12-06-2016,18.32
12-06-2016,18.32
12-06-2017,14.4
12-06-2018,11.38
12-06-2019,17.07
12-06-2020,18.99
12-07-2010,21.7
12-07-2011,13.3
12-07-2012,26.1
12-07-2013,20.53
12-07-2014,10.88
12-07-2015,18.75
12-07-2016,20.91
12-07-2017,16.71
12-07-2018,20.7
12-07-2019,21.02
12-07-2020,21.83
12-08-2010,27.4
12-08-2011,23.4
12-08-2012,21.2
12-08-2013,16.4
12-08-2014,13.4
12-08-2015,15.45
12-08-2016,23.32
12-08-2017,13.64
12-08-2018,16.93
12-08-2019,17.1
12-08-2020,15.73
12-09-2010,5.5
12-09-2011,12.9
12-09-2012,8.6
12-09-2013,10.41
12-09-2014,11.94
12-09-2015,7.85
12-09-2016,10.14
12-09-2017,5.57
12-09-2017,5.57
12-09-2018,10.24
12-09-2019,11.47
12-09-2020,12.89
12-10-2010,5.8
12-10-2011,13.9
12-10-2012,8.9
12-10-2013,4.47
12-10-2014,0.78
12-10-2015,-1.8
12-10-2016,0.21
12-10-2017,4.28
12-10-2018,1.74
12-10-2019,6.31
12-10-2020,7.8
12-11-2010,4.3
12-11-2011,-4.6
12-11-2012,-3.6
12-11-2013,2.98
12-11-2014,-1.27
12-11-2015,-7.83
12-11-2016,-12.52
12-11-2017,-4.72
12-11-2018,-8.43
12-11-2019,-5.22
12-11-2020,-5.02
12-12-2010,-6.5
12-12-2011,-16.6
12-12-2012,-20.9
12-12-2013,-13.96
12-12-2014,-8.21
12-12-2015,-3.45
12-12-2016,-17.09
12-12-2017,-17.17
12-12-2018,-9.66
12-12-2019,-4.29
13-01-2010,-17.3
13-01-2011,-9.1
13-01-2012,-13.8
13-01-2013,-14.7
13-01-2014,-3.63
13-01-2015,-8.54
13-01-2016,-16.49
13-01-2017,-15.99
13-01-2018,-21.84
13-01-2019,-7.06
13-01-2020,-6.25
13-02-2010,-16
13-02-2011,-19.5
13-02-2012,-17.9
13-02-2013,-7.3
13-02-2013,-7.3
13-02-2014,-19.81
13-02-2015,-5.7
13-02-2016,-7.61
13-02-2017,-16.32
13-02-2018,-16.51
13-02-2019,-9.67
13-02-2020,-8.78
13-03-2010,-3.2
13-03-2011,-6.8
13-03-2012,-12
13-03-2013,-8.8
13-03-2013,-8.8
13-03-2014,-2.14
13-03-2015,-1.1
13-03-2016,-4
13-03-2017,-2.29
13-03-2018,-12.98
13-03-2019,0.41
13-03-2020,3.4
13-04-2010,1.8
13-04-2011,6.5
13-04-2012,7.9
13-04-2013,-0.4
13-04-2013,-0.4
13-04-2014,2.06
13-04-2015,3.11
13-04-2016,3.11
13-04-2017,3.42
13-04-2018,-0.31
13-04-2019,3.52
13-04-2020,4.52
13-05-2010,17.9
13-05-2011,3.8
13-05-2012,18.3
13-05-2013,13
13-05-2014,17.98
13-05-2015,13.87
13-05-2016,8.51
13-05-2017,6.92
13-05-2018,7.24
13-05-2019,14.59
13-05-2020,16.74
13-06-2010,21.4
13-06-2011,9.5
13-06-2012,19.6
13-06-2013,20.1
13-06-2014,16.45
13-06-2015,14.02
13-06-2016,19.43
13-06-2016,19.43
13-06-2017,15.46
13-06-2018,12.61
13-06-2019,9.89
13-06-2020,12.84
13-07-2010,17.8
13-07-2011,16.2
13-07-2012,25.5
13-07-2013,19.66
13-07-2014,13.41
13-07-2015,17.16
13-07-2016,20.01
13-07-2017,17.69
13-07-2018,20.26
13-07-2019,23.52
13-07-2020,23.72
13-08-2010,23.7
13-08-2011,24.6
13-08-2012,18.9
13-08-2013,16.58
13-08-2014,13.57
13-08-2015,15.13
13-08-2016,24.14
13-08-2017,13.19
13-08-2018,19.53
13-08-2019,16.19
13-08-2020,14.06
13-09-2010,5.1
13-09-2011,13.7
13-09-2012,8.9
13-09-2013,12.06
13-09-2014,12.9
13-09-2015,9.35
13-09-2016,9.71
13-09-2017,7.75
13-09-2017,7.75
13-09-2018,13.05
13-09-2019,12.28
13-09-2020,11.6
13-10-2010,4.7
13-10-2011,13.3
13-10-2012,13.4
13-10-2013,3.16
13-10-2014,1.13
13-10-2015,-2.69
13-10-2016,-0.39
13-10-2017,4.98
13-10-2018,0.5
13-10-2019,6.79
13-10-2020,8.14
13-11-2010,4.9
13-11-2011,-7
13-11-2012,-2.9
13-11-2013,-0.02
13-11-2014,-0.61
13-11-2015,-9.8
13-11-2016,-14.99
13-11-2017,-5.74
13-11-2018,-6.35
13-11-2019,-9.21
13-11-2020,-6.62
13-12-2010,-10.7
13-12-2011,-17.4
13-12-2012,-22.3
13-12-2013,-7.82
13-12-2014,-4.56
13-12-2015,-7.22
13-12-2016,-18.75
13-12-2017,-15.22
13-12-2018,-7.23
13-12-2019,-9.12
14-01-2010,-17.9
14-01-2011,-12.1
14-01-2012,-8
14-01-2013,-14.4
14-01-2014,-3.23
14-01-2015,-6.38
14-01-2016,-12.63
14-01-2017,-17.54
14-01-2018,-17.62
14-01-2019,-6.87
14-01-2020,-4.59
14-02-2010,-12.4
14-02-2011,-19.4
14-02-2012,-18
14-02-2013,-8
14-02-2013,-8
14-02-2014,-20.27
14-02-2015,-7.75
14-02-2016,-7.23
14-02-2017,-12.48
14-02-2018,-17.06
14-02-2019,-8.19
14-02-2020,-9.11
14-03-2010,-2.6
14-03-2011,-6.2
14-03-2012,-8.7
14-03-2013,-9.8
14-03-2013,-9.8
14-03-2014,-1.64
14-03-2015,-0.84
14-03-2016,-10.98
14-03-2017,-5.16
14-03-2018,-9.24
14-03-2019,-1.96
14-03-2020,2.64
14-04-2010,1.8
14-04-2011,8.2
14-04-2012,11.2
14-04-2013,0.2
14-04-2013,0.2
14-04-2014,4.31
14-04-2015,4.24
14-04-2016,8.17
14-04-2017,3.61
14-04-2018,0.24
14-04-2019,-2.15
14-04-2020,3.33
14-05-2010,18.8
14-05-2011,6.3
14-05-2012,17.7
14-05-2013,15.7
14-05-2014,18.28
14-05-2015,14.41
14-05-2016,3.87
14-05-2017,5.21
14-05-2018,10.06
14-05-2019,9.64
14-05-2020,14.44
14-06-2010,24.6
14-06-2011,11.2
14-06-2012,22.4
14-06-2013,15.4
14-06-2014,18.9
14-06-2015,14.48
14-06-2016,19.2
14-06-2016,19.2
14-06-2017,18.34
14-06-2018,14.93
14-06-2019,9.51
14-06-2020,11.68
14-07-2010,16.6
14-07-2011,18.5
14-07-2012,26.7
14-07-2013,17.45
14-07-2014,15.27
14-07-2015,17.06
14-07-2016,20.06
14-07-2017,17.58
14-07-2018,20.43
14-07-2019,23.52
14-07-2020,24.06
14-08-2010,19.2
14-08-2011,23.8
14-08-2012,17.5
14-08-2013,19.03
14-08-2014,15.05
14-08-2015,15.81
14-08-2016,24.7
14-08-2017,14.24
14-08-2018,19.06
14-08-2019,17.15
14-08-2020,13.2
14-09-2010,6.7
14-09-2011,11.7
14-09-2012,9.7
14-09-2013,10.26
14-09-2014,8.81
14-09-2015,8.72
14-09-2016,10.23
14-09-2017,12.7
14-09-2017,12.7
14-09-2018,13.74
14-09-2019,14.26
14-09-2020,11.14
14-10-2010,3.7
14-10-2011,10.4
14-10-2012,11.6
14-10-2013,1.6
14-10-2014,2.12
14-10-2015,-1.58
14-10-2016,-0.45
14-10-2017,4.61
14-10-2018,0.6
14-10-2019,7.06
14-10-2020,9.31
14-11-2010,6.7
14-11-2011,-2.9
14-11-2012,-0.6
14-11-2013,0.03
14-11-2014,-5.01
14-11-2015,-11.78
14-11-2016,-19.75
14-11-2017,-6.83
14-11-2018,-6.57
14-11-2019,-13.58
14-11-2020,-11.21
14-12-2010,-10.5
14-12-2011,-20.5
14-12-2012,-21.3
14-12-2013,-5.9
14-12-2014,-3.5
14-12-2015,-3.34
14-12-2016,-21
14-12-2017,-12.11
14-12-2018,-7.93
14-12-2019,-12.03
15-01-2010,-22.6
15-01-2011,-16
15-01-2012,-7.5
15-01-2013,-14.6
15-01-2014,-5.99
15-01-2015,-3.65
15-01-2016,-12.81
15-01-2017,-15.97
15-01-2018,-10.93
15-01-2019,-12.07
15-01-2020,-9.22
15-02-2010,-10.9
15-02-2011,-15.6
15-02-2012,-15.8
15-02-2013,-9.8
15-02-2013,-9.8
15-02-2014,-17.08
15-02-2015,-10.57
15-02-2016,-9.72
15-02-2017,-12.78
15-02-2018,-13.8
15-02-2019,-8.37
15-02-2020,-9.42
15-03-2010,-2.9
15-03-2011,-4.7
15-03-2012,-7.1
15-03-2013,-10.8
15-03-2013,-10.8
15-03-2014,-1.95
15-03-2015,-0.51
15-03-2016,-11.7
15-03-2017,-7.09
15-03-2018,-5.73
15-03-2019,-4.19
15-03-2020,0.68
15-04-2010,2.2
15-04-2011,6.9
15-04-2012,8.8
15-04-2013,2.1
15-04-2013,2.1
15-04-2014,5.74
15-04-2015,4.42
15-04-2016,9.94
15-04-2017,4.2
15-04-2018,3.14
15-04-2019,-0.78
15-04-2020,5.23
15-05-2010,18.8
15-05-2011,8
15-05-2012,11.1
15-05-2013,13.4
15-05-2014,20.86
15-05-2015,15.46
15-05-2016,4.29
15-05-2017,3.12
15-05-2018,7.78
15-05-2019,6.96
15-05-2020,12.88
15-06-2010,19.5
15-06-2011,14.7
15-06-2012,21.7
15-06-2013,14.1
15-06-2014,18.42
15-06-2015,18.25
15-06-2016,18.04
15-06-2016,18.04
15-06-2017,20.17
15-06-2018,13.27
15-06-2019,10.8
15-06-2020,14.9
15-07-2010,20.3
15-07-2011,18.1
15-07-2012,25.1
15-07-2013,16.91
15-07-2014,15.95
15-07-2015,17.55
15-07-2016,20.17
15-07-2017,17.65
15-07-2018,21.53
15-07-2019,23.1
15-07-2020,26.84
15-08-2010,16.3
15-08-2011,23.4
15-08-2012,17.7
15-08-2013,19.42
15-08-2014,16.77
15-08-2015,15.77
15-08-2016,24.24
15-08-2017,17.46
15-08-2018,17.61
15-08-2019,18.27
15-08-2020,13.37
15-09-2010,10.9
15-09-2011,12.2
15-09-2012,11.1
15-09-2013,8.22
15-09-2014,7.41
15-09-2015,9.39
15-09-2016,10.65
15-09-2017,13.37
15-09-2017,13.37
15-09-2018,11.73
15-09-2019,13.98
15-09-2020,10.89
15-10-2010,2.2
15-10-2011,7.3
15-10-2012,5.6
15-10-2013,-0.18
15-10-2014,0.41
15-10-2015,0.06
15-10-2016,-1.61
15-10-2017,4.33
15-10-2018,0.2
15-10-2019,6.31
15-10-2020,6.53
15-11-2010,5.7
15-11-2011,-3.9
15-11-2012,-2.5
15-11-2013,0.68
15-11-2014,-8.63
15-11-2015,-13.64
15-11-2016,-24.27
15-11-2017,-4.59
15-11-2018,-6.8
15-11-2019,-12.41
15-11-2020,-15.47
15-12-2010,-7.8
15-12-2011,-17.6
15-12-2012,-21
15-12-2013,-8.15
15-12-2014,-3.32
15-12-2015,-6.99
15-12-2016,-22.55
15-12-2017,-9.02
15-12-2018,-9.21
15-12-2019,-11.76
16-01-2010,-27.7
16-01-2011,-17.5
16-01-2012,-14.7
16-01-2013,-18
16-01-2014,-9.69
16-01-2015,-6.73
16-01-2016,-15.1
16-01-2017,-15.68
16-01-2018,-9.69
16-01-2019,-9.88
16-01-2020,-5.44
16-02-2010,-8.2
16-02-2011,-17.2
16-02-2012,-16.5
16-02-2013,-14.1
16-02-2013,-14.1
16-02-2014,-12.97
16-02-2015,-13.66
16-02-2016,-10.12
16-02-2017,-13.29
16-02-2018,-12.74
16-02-2019,-9.79
16-02-2020,-8.38
16-03-2010,-5.9
16-03-2011,-1.7
16-03-2012,-8.8
16-03-2013,1.4
16-03-2013,1.4
16-03-2014,-0.29
16-03-2015,-5.04
16-03-2016,-8.72
16-03-2017,-5.53
16-03-2018,-4.63
16-03-2019,-6.47
16-03-2020,-3.63
16-04-2010,3.7
16-04-2011,6.7
16-04-2012,11.7
16-04-2013,4.6
16-04-2013,4.6
16-04-2014,6.54
16-04-2015,3.9
16-04-2016,10.7
16-04-2017,1.89
16-04-2018,-0.32
16-04-2019,0.03
16-04-2020,6.63
16-05-2010,19.4
16-05-2011,10.3
16-05-2012,10.6
16-05-2013,14.8
16-05-2014,15.02
16-05-2015,15.05
16-05-2016,7.08
16-05-2017,2.89
16-05-2018,4.34
16-05-2019,9.42
16-05-2020,11.39
16-06-2010,19.2
16-06-2011,16.9
16-06-2012,18.5
16-06-2013,18.7
16-06-2014,15.35
16-06-2015,21.16
16-06-2016,18.51
16-06-2016,18.51
16-06-2017,18.93
16-06-2018,11.73
16-06-2019,11.95
16-06-2020,18.84
16-07-2010,21.5
16-07-2011,17.8
16-07-2012,26
16-07-2013,18.69
16-07-2014,18
16-07-2015,17.61
16-07-2016,20.27
16-07-2017,18.85
16-07-2018,22.03
16-07-2019,20.83
16-07-2020,25.93
16-08-2010,18.6
16-08-2011,15.7
16-08-2012,16.9
16-08-2013,20.62
16-08-2014,19.22
16-08-2015,15.34
16-08-2016,22.31
16-08-2017,17.78
16-08-2018,16.29
16-08-2019,19.09
16-08-2020,12.94
16-09-2010,14.9
16-09-2011,13.3
16-09-2012,15.6
16-09-2013,7.67
16-09-2014,6.64
16-09-2015,9.07
16-09-2016,10.68
16-09-2017,13.08
16-09-2017,13.08
16-09-2018,10.73
16-09-2019,11.36
16-09-2020,10.64
16-10-2010,3.6
16-10-2011,3.9
16-10-2012,4.4
16-10-2013,1.6
16-10-2014,-1.04
16-10-2015,-1.66
16-10-2016,-2
16-10-2017,5.24
16-10-2018,0.85
16-10-2019,2.96
16-10-2020,8.41
16-11-2010,4.5
16-11-2011,-6.1
16-11-2012,-3.1
16-11-2013,-0.12
16-11-2014,-13.58
16-11-2015,-14.75
16-11-2016,-23.87
16-11-2017,-1.97
16-11-2018,-8.56
16-11-2019,-4.36
16-11-2020,-14.17
16-12-2010,-5.4
16-12-2011,-15.2
16-12-2012,-20.6
16-12-2013,-13.1
16-12-2014,-4.68
16-12-2015,-10.41
16-12-2016,-24.21
16-12-2017,-10.07
16-12-2018,-8.28
16-12-2019,-9.17
17-01-2010,-25
17-01-2011,-18.2
17-01-2012,-16.5
17-01-2013,-23.9
17-01-2014,-12.77
17-01-2015,-9.68
17-01-2016,-19.7
17-01-2017,-15.63
17-01-2018,-13.69
17-01-2019,-7.43
17-01-2020,-4.19
17-02-2010,-7.6
17-02-2011,-20.9
17-02-2012,-16.3
17-02-2013,-12.9
17-02-2013,-12.9
17-02-2014,-9.72
17-02-2015,-21.33
17-02-2016,-7.33
17-02-2017,-14.87
17-02-2018,-11.47
17-02-2019,-9.54
17-02-2020,-8.34
17-03-2010,-5
17-03-2011,-1.6
17-03-2012,-9.2
17-03-2013,2.7
17-03-2013,2.7
17-03-2014,2.05
17-03-2015,-1.84
17-03-2016,-5.86
17-03-2017,-4.32
17-03-2018,-4.3
17-03-2019,-6.92
17-03-2020,-3.68
17-04-2010,6.6
17-04-2011,9.3
17-04-2012,14.6
17-04-2013,4.3
17-04-2013,4.3
17-04-2014,7.87
17-04-2015,3.85
17-04-2016,10.71
17-04-2017,3.59
17-04-2018,-2.83
17-04-2019,-7.06
17-04-2020,5.99
17-05-2010,10.3
17-05-2011,13.7
17-05-2012,13.4
17-05-2013,16.2
17-05-2014,10.25
17-05-2015,13.7
17-05-2016,10.16
17-05-2017,6.11
17-05-2018,7.03
17-05-2019,8.46
17-05-2020,11.35
17-06-2010,23.1
17-06-2011,17.7
17-06-2012,17.7
17-06-2013,18.2
17-06-2014,13.5
17-06-2015,22.31
17-06-2016,18.03
17-06-2016,18.03
17-06-2017,18.92
17-06-2018,12.39
17-06-2019,12.24
17-06-2020,17.04
17-07-2010,22.5
17-07-2011,19.6
17-07-2012,27.3
17-07-2013,19.16
17-07-2014,14.73
17-07-2015,17.18
17-07-2016,21.22
17-07-2017,19.57
17-07-2018,22.19
17-07-2019,20.3
17-07-2020,24.19
17-08-2010,17.2
17-08-2011,13.8
17-08-2012,16.7
17-08-2013,20.87
17-08-2014,21.04
17-08-2015,14.09
17-08-2016,22.13
17-08-2017,15.61
17-08-2018,15.81
17-08-2019,20.14
17-08-2020,13.43
17-09-2010,14.5
17-09-2011,15.3
17-09-2012,13.3
17-09-2013,8.34
17-09-2014,4.39
17-09-2015,8.27
17-09-2016,11.3
17-09-2017,12.5
17-09-2017,12.5
17-09-2018,12.07
17-09-2019,11.03
17-09-2020,10.08
17-10-2010,2.4
17-10-2011,2.3
17-10-2012,4.2
17-10-2013,2.25
17-10-2014,-2.36
17-10-2015,-1.38
17-10-2016,-1.29
17-10-2017,5.39
17-10-2018,4.16
17-10-2019,0.22
17-10-2020,3.63
17-11-2010,5.9
17-11-2011,-8.8
17-11-2012,-4.3
17-11-2013,-2.4
17-11-2014,-13.78
17-11-2015,-14.92
17-11-2016,-23.19
17-11-2017,-2.94
17-11-2018,-4.9
17-11-2019,-3.45
17-11-2020,-8.7
17-12-2010,-8.7
17-12-2011,-11.8
17-12-2012,-25.4
17-12-2013,-18.98
17-12-2014,-6.77
17-12-2015,-12.19
17-12-2016,-25.42
17-12-2017,-12.59
17-12-2018,-7.26
17-12-2019,-8.52
18-01-2010,-19.8
18-01-2011,-18.9
18-01-2012,-14.1
18-01-2013,-22.8
18-01-2014,-13.42
18-01-2015,-9.13
18-01-2016,-20.06
18-01-2017,-16.67
18-01-2018,-17.74
18-01-2019,-8.52
18-01-2020,-7.23
18-02-2010,-16.7
18-02-2011,-21.8
18-02-2012,-16.4
18-02-2013,-11.9
18-02-2013,-11.9
18-02-2014,-13.87
18-02-2015,-20.87
18-02-2016,-6.59
18-02-2017,-12.7
18-02-2018,-9.94
18-02-2019,-8.56
18-02-2020,-3.45
18-03-2010,-9
18-03-2011,-3.9
18-03-2012,-6.6
18-03-2013,1.2
18-03-2013,1.2
18-03-2014,-0.59
18-03-2015,0.84
18-03-2016,-4.46
18-03-2017,-4.05
18-03-2018,-6.78
18-03-2019,-3.56
18-03-2020,-0.59
18-04-2010,9.3
18-04-2011,7.8
18-04-2012,19.6
18-04-2013,6.1
18-04-2013,6.1
18-04-2014,6.6
18-04-2015,3.89
18-04-2016,10.63
18-04-2017,4.91
18-04-2018,-1.01
18-04-2019,-4.12
18-04-2020,6.73
18-05-2010,9.4
18-05-2011,17
18-05-2012,12.7
18-05-2013,6.9
18-05-2014,9.92
18-05-2015,12.44
18-05-2016,14.18
18-05-2017,10.47
18-05-2018,8.2
18-05-2019,6.14
18-05-2020,12.34
18-06-2010,20.9
18-06-2011,16.8
18-06-2012,21.6
18-06-2013,19.87
18-06-2014,14.34
18-06-2015,22.44
18-06-2016,19.19
18-06-2016,19.19
18-06-2017,17.79
18-06-2018,15.26
18-06-2019,13.61
18-06-2020,13
18-07-2010,18.5
18-07-2011,21.6
18-07-2012,27.4
18-07-2013,20.65
18-07-2014,11.29
18-07-2015,16.25
18-07-2016,20.61
18-07-2017,20.18
18-07-2018,20.89
18-07-2019,20.48
18-07-2020,24.22
18-08-2010,14.2
18-08-2011,12.6
18-08-2012,16.7
18-08-2013,18.43
18-08-2014,20.55
18-08-2015,12.96
18-08-2016,22.61
18-08-2017,14.65
18-08-2018,12.75
18-08-2019,19.37
18-08-2020,13.53
18-09-2010,16.4
18-09-2011,13.8
18-09-2012,9.9
18-09-2013,8.16
18-09-2014,3.4
18-09-2015,8.84
18-09-2016,10.19
18-09-2017,10.24
18-09-2017,10.24
18-09-2018,13.15
18-09-2019,10.71
18-09-2020,9.3
18-10-2010,2.3
18-10-2011,3.6
18-10-2012,5.1
18-10-2013,-1.26
18-10-2014,-3.34
18-10-2015,1.32
18-10-2016,0.07
18-10-2017,4.13
18-10-2018,2.12
18-10-2019,0.28
18-10-2020,1.08
18-11-2010,-0.5
18-11-2011,-8.9
18-11-2012,-5.6
18-11-2013,-0.98
18-11-2014,-9
18-11-2015,-15.02
18-11-2016,-23.15
18-11-2017,-3.33
18-11-2018,-4.76
18-11-2019,-11.38
18-11-2020,-8.3
18-12-2010,-16
18-12-2011,-11.6
18-12-2012,-24.4
18-12-2013,-15.44
18-12-2014,-6.01
18-12-2015,-16.81
18-12-2016,-26.65
18-12-2017,-11.39
18-12-2018,-9.67
18-12-2019,-7.68
19-01-2010,-23.8
19-01-2011,-21.7
19-01-2012,-16.2
19-01-2013,-15.1
19-01-2014,-16.8
19-01-2015,-5.23
19-01-2016,-16.81
19-01-2017,-17.41
19-01-2018,-22.07
19-01-2019,-7.23
19-01-2020,-9.36
19-02-2010,-22.9
19-02-2011,-23.8
19-02-2012,-13.3
19-02-2013,-12.2
19-02-2013,-12.2
19-02-2014,-15.45
19-02-2015,-17.43
19-02-2016,-7.3
19-02-2017,-9.74
19-02-2018,-9.42
19-02-2019,-10.73
19-02-2020,0.49
19-03-2010,-11.6
19-03-2011,-6.6
19-03-2012,-0.4
19-03-2013,-4.2
19-03-2013,-4.2
19-03-2014,-1.22
19-03-2015,-1.57
19-03-2016,-2.73
19-03-2017,-4.26
19-03-2018,-9.65
19-03-2019,-1.82
19-03-2020,1.46
19-04-2010,8.9
19-04-2011,4.8
19-04-2012,17.1
19-04-2013,7.3
19-04-2013,7.3
19-04-2014,5.63
19-04-2015,3.64
19-04-2016,7.71
19-04-2017,2.29
19-04-2018,3.48
19-04-2019,1.05
19-04-2020,6.21
19-05-2010,9.9
19-05-2011,16.1
19-05-2012,19.4
19-05-2013,7.7
19-05-2014,11.36
19-05-2015,11.04
19-05-2016,16.13
19-05-2017,11.79
19-05-2018,10.15
19-05-2019,5.67
19-05-2020,13.49
19-06-2010,15.9
19-06-2011,14.8
19-06-2012,22
19-06-2013,21.54
19-06-2014,15.52
19-06-2015,20.73
19-06-2016,20.9
19-06-2016,20.9
19-06-2017,16.72
19-06-2018,17.42
19-06-2019,15.27
19-06-2020,12.26
19-07-2010,15.3
19-07-2011,20.1
19-07-2012,22
19-07-2013,20.6
19-07-2014,11.43
19-07-2015,15.38
19-07-2016,20.96
19-07-2017,19.76
19-07-2018,19.2
19-07-2019,22.46
19-07-2020,23.14
19-08-2010,17.8
19-08-2011,12.4
19-08-2012,19.3
19-08-2013,16.65
19-08-2014,19.16
19-08-2015,11.87
19-08-2016,20.54
19-08-2017,15.6
19-08-2018,11.9
19-08-2019,17.84
19-08-2020,12.32
19-09-2010,17.3
19-09-2011,10.5
19-09-2012,10.1
19-09-2013,6.05
19-09-2014,5.55
19-09-2015,10.77
19-09-2016,9.99
19-09-2017,10.6
19-09-2017,10.6
19-09-2018,12.63
19-09-2019,9.33
19-09-2020,10.19
19-10-2010,0.4
19-10-2011,4.1
19-10-2012,8.3
19-10-2013,-1.8
19-10-2014,-4.81
19-10-2015,-0.07
19-10-2016,-0.39
19-10-2017,4.24
19-10-2018,4.05
19-10-2019,-2.26
19-10-2020,4.9
19-11-2010,-2.6
19-11-2011,-7.8
19-11-2012,-3.3
19-11-2013,-3.3
19-11-2014,-7.89
19-11-2015,-17.44
19-11-2016,-24.88
19-11-2017,-3.28
19-11-2018,-5.71
19-11-2019,-19.26
19-11-2020,-9.31
19-12-2010,-25.6
19-12-2011,-12.7
19-12-2012,-24.9
19-12-2013,-14.99
19-12-2014,-5.36
19-12-2015,-21.1
19-12-2016,-26.71
19-12-2017,-12.14
19-12-2018,-14.21
19-12-2019,-8.73
20-01-2010,-22.7
20-01-2011,-22.1
20-01-2012,-17.9
20-01-2013,-9.5
20-01-2014,-23.22
20-01-2015,-13.41
20-01-2016,-11.51
20-01-2017,-13.49
20-01-2018,-24.7
20-01-2019,-7.69
20-01-2020,-8.32
20-02-2010,-19.5
20-02-2011,-26.6
20-02-2012,-12.3
20-02-2013,-12.1
20-02-2013,-12.1
20-02-2014,-18.25
20-02-2015,-14.21
20-02-2016,-9.19
20-02-2017,-7.75
20-02-2018,-10.07
20-02-2019,-15.17
20-02-2020,0.46
20-03-2010,-11.9
20-03-2011,-6
20-03-2012,-1.4
20-03-2013,-9.7
20-03-2013,-9.7
20-03-2014,-2.13
20-03-2015,0.82
20-03-2016,-4.23
20-03-2017,-4.43
20-03-2018,-8.79
20-03-2019,-1.33
20-03-2020,0.95
20-04-2010,10.9
20-04-2011,3.9
20-04-2012,12
20-04-2013,11.5
20-04-2013,11.5
20-04-2014,7.55
20-04-2015,3.8
20-04-2016,7.56
20-04-2017,3.44
20-04-2018,3.13
20-04-2019,1.36
20-04-2020,6.27
20-05-2010,7.2
20-05-2011,13.6
20-05-2012,20.8
20-05-2013,12.4
20-05-2014,10.65
20-05-2015,11.31
20-05-2016,17.75
20-05-2017,12.76
20-05-2018,14.57
20-05-2019,6.31
20-05-2020,12.85
20-06-2010,15.5
20-06-2011,14.5
20-06-2012,24.1
20-06-2013,22.48
20-06-2014,14.48
20-06-2015,21.17
20-06-2016,21.94
20-06-2016,21.94
20-06-2017,16.96
20-06-2018,17.96
20-06-2019,18.01
20-06-2020,14.41
20-07-2010,16.5
20-07-2011,18.6
20-07-2012,21.3
20-07-2013,21.43
20-07-2014,11.74
20-07-2015,15.09
20-07-2016,21.73
20-07-2017,20.65
20-07-2018,18.92
20-07-2019,23.21
20-07-2020,19.89
20-08-2010,17.2
20-08-2011,10.6
20-08-2012,17.3
20-08-2013,15.74
20-08-2014,18.07
20-08-2015,11.92
20-08-2016,19.83
20-08-2017,16.51
20-08-2018,12.05
20-08-2019,17.78
20-08-2020,13.09
20-09-2010,17.7
20-09-2011,8.6
20-09-2012,11.8
20-09-2013,6.45
20-09-2014,7.24
20-09-2015,11.36
20-09-2016,9.75
20-09-2017,12.63
20-09-2017,12.63
20-09-2018,10.34
20-09-2019,7.48
20-09-2020,9.21
20-10-2010,2.5
20-10-2011,4.4
20-10-2012,11.4
20-10-2013,2.81
20-10-2014,-6.85
20-10-2015,-4.82
20-10-2016,-1.94
20-10-2017,2.74
20-10-2018,5.24
20-10-2019,-3.21
20-10-2020,3.81
20-11-2010,-1.7
20-11-2011,-6.4
20-11-2012,-0.1
20-11-2013,-3.54
20-11-2014,-5.29
20-11-2015,-19.61
20-11-2016,-23.13
20-11-2017,-2.06
20-11-2018,-6.36
20-11-2019,-18.34
20-11-2020,-4.63
20-12-2010,-26.4
20-12-2011,-8.5
20-12-2012,-25.8
20-12-2013,-22.74
20-12-2014,-4.84
20-12-2015,-22.33
20-12-2016,-33.18
20-12-2017,-10.9
20-12-2018,-18.24
20-12-2019,-9.23
21-01-2010,-26
21-01-2011,-20.9
21-01-2012,-17.1
21-01-2013,-5.1
21-01-2014,-19.93
21-01-2015,-17.67
21-01-2016,-9.93
21-01-2017,-10.84
21-01-2018,-23.6
21-01-2019,-10.72
21-01-2020,-10.91
21-02-2010,-25.5
21-02-2011,-26.4
21-02-2012,-12.6
21-02-2013,-12
21-02-2013,-12
21-02-2014,-24.96
21-02-2015,-9.03
21-02-2016,-8.79
21-02-2017,-3.11
21-02-2018,-10.93
21-02-2019,-10.92
21-02-2020,-0.45
21-03-2010,-11.7
21-03-2011,-3.9
21-03-2012,-0.1
21-03-2013,-7.6
21-03-2013,-7.6
21-03-2014,-4.34
21-03-2015,0.72
21-03-2016,-7.64
21-03-2017,-3.68
21-03-2018,-7.67
21-03-2019,-0.76
21-03-2020,-2.13
21-04-2010,11.1
21-04-2011,4.6
21-04-2012,10
21-04-2013,13.2
21-04-2013,13.2
21-04-2014,3.55
21-04-2015,4.24
21-04-2016,8.89
21-04-2017,2.07
21-04-2018,-1.69
21-04-2019,3.27
21-04-2020,7.32
21-05-2010,9.4
21-05-2011,15.6
21-05-2012,20.8
21-05-2013,8.8
21-05-2014,12.81
21-05-2015,10.94
21-05-2016,18.93
21-05-2017,12.9
21-05-2018,10.33
21-05-2019,6.05
21-05-2020,12.25
21-06-2010,15.9
21-06-2011,15.9
21-06-2012,25.1
21-06-2013,22.61
21-06-2014,16.83
21-06-2015,22.79
21-06-2016,22.38
21-06-2016,22.38
21-06-2017,16.41
21-06-2018,15.67
21-06-2019,17.11
21-06-2020,12.72
21-07-2010,20.3
21-07-2011,17
21-07-2012,20.2
21-07-2013,21.79
21-07-2014,13.36
21-07-2015,17.72
21-07-2016,21.99
21-07-2017,20.87
21-07-2018,17.35
21-07-2019,20.98
21-07-2020,18.87
21-08-2010,13.2
21-08-2011,10.3
21-08-2012,14.9
21-08-2013,15.67
21-08-2014,18.73
21-08-2015,12.21
21-08-2016,20.17
21-08-2017,19.15
21-08-2018,14.35
21-08-2019,17.38
21-08-2020,13.99
21-09-2010,15.3
21-09-2011,7.2
21-09-2012,11.8
21-09-2013,7.87
21-09-2014,7.88
21-09-2015,8.99
21-09-2016,9.81
21-09-2017,8.99
21-09-2017,8.99
21-09-2018,10.42
21-09-2019,5.68
21-09-2020,7.38
21-10-2010,2.1
21-10-2011,5.1
21-10-2012,5.4
21-10-2013,-0.07
21-10-2014,-7.92
21-10-2015,-10.2
21-10-2016,-2.8
21-10-2017,-0.11
21-10-2018,1.73
21-10-2019,-0.45
21-10-2020,0.95
21-11-2010,-10.3
21-11-2011,-7.7
21-11-2012,0.6
21-11-2013,-1.11
21-11-2014,-4.5
21-11-2015,-18.84
21-11-2016,-14.81
21-11-2017,-0.97
21-11-2018,-3.86
21-11-2019,-14.21
21-11-2020,-4.09
21-12-2010,-26.7
21-12-2011,-6.9
21-12-2012,-23.9
21-12-2013,-21.51
21-12-2014,-2.99
21-12-2015,-20.27
21-12-2016,-32.49
21-12-2017,-9.16
21-12-2018,-15.68
21-12-2019,-13.08
22-01-2010,-25.8
22-01-2011,-21
22-01-2012,-16.8
22-01-2013,-5.3
22-01-2014,-19.22
22-01-2015,-20.91
22-01-2016,-12.88
22-01-2017,-11.76
22-01-2018,-24.77
22-01-2019,-12.06
22-01-2020,-7.12
22-02-2010,-26.7
22-02-2011,-25
22-02-2012,-11.8
22-02-2013,-12.3
22-02-2013,-12.3
22-02-2014,-29.21
22-02-2015,-5.11
22-02-2016,-7.33
22-02-2017,-1.38
22-02-2018,-12.91
22-02-2019,-5.46
22-02-2020,-5.57
22-03-2010,-5.2
22-03-2011,-4
22-03-2012,-1.3
22-03-2013,-3.4
22-03-2013,-3.4
22-03-2014,-4.88
22-03-2015,-0.97
22-03-2016,-7.11
22-03-2017,-2.6
22-03-2018,-9
22-03-2019,-0.08
22-03-2020,-6.31
22-04-2010,13.3
22-04-2011,4.1
22-04-2012,10.68
22-04-2013,13
22-04-2013,13
22-04-2014,1.61
22-04-2015,5.6
22-04-2016,9.74
22-04-2017,2.75
22-04-2018,-0.09
22-04-2019,6.46
22-04-2020,8.23
22-05-2010,17.7
22-05-2011,16.4
22-05-2012,20.5
22-05-2013,8.2
22-05-2014,17.28
22-05-2015,10.6
22-05-2016,19.07
22-05-2017,9.32
22-05-2018,11.52
22-05-2019,7.78
22-05-2020,13.22
22-06-2010,16.6
22-06-2011,17.2
22-06-2012,24.8
22-06-2013,21.49
22-06-2014,20.02
22-06-2015,24.63
22-06-2016,21.96
22-06-2016,21.96
22-06-2017,18.73
22-06-2018,15.67
22-06-2019,15.58
22-06-2020,11.65
22-07-2010,22.4
22-07-2011,17.6
22-07-2012,20.7
22-07-2013,21.86
22-07-2014,15.18
22-07-2015,18.93
22-07-2016,22.31
22-07-2017,20.29
22-07-2018,16.84
22-07-2019,19.63
22-07-2020,18.27
22-08-2010,13.4
22-08-2011,11.6
22-08-2012,13.7
22-08-2013,15.87
22-08-2014,18.45
22-08-2015,12.82
22-08-2016,21.5
22-08-2017,20.38
22-08-2018,16.38
22-08-2019,17.06
22-08-2020,13.59
22-09-2010,13.7
22-09-2011,5.6
22-09-2012,12.4
22-09-2013,9.3
22-09-2014,9.44
22-09-2015,9.68
22-09-2016,11.16
22-09-2017,5.56
22-09-2017,5.56
22-09-2018,10.37
22-09-2019,4.68
22-09-2020,6.44
22-10-2010,3.8
22-10-2011,6.9
22-10-2012,1.4
22-10-2013,-1.86
22-10-2014,-6.31
22-10-2015,-8.69
22-10-2016,-4.8
22-10-2017,-1.37
22-10-2018,-0.49
22-10-2019,2.78
22-10-2020,-1.39
22-11-2010,-13.6
22-11-2011,-10.5
22-11-2012,-2.3
22-11-2013,-2.39
22-11-2014,-8.31
22-11-2015,-12.05
22-11-2016,-7.7
22-11-2017,-2.43
22-11-2018,-6.9
22-11-2019,-8.78
22-11-2020,-7.52
22-12-2010,-16.4
22-12-2011,-7.6
22-12-2012,-25.2
22-12-2013,-11.84
22-12-2014,-1.84
22-12-2015,-12.83
22-12-2016,-31.27
22-12-2017,-7.35
22-12-2018,-18.58
22-12-2019,-14.55
23-01-2010,-21.4
23-01-2011,-23.6
23-01-2012,-17.7
23-01-2013,-12.8
23-01-2014,-23.08
23-01-2015,-26.99
23-01-2016,-14.29
23-01-2017,-12.53
23-01-2018,-24.13
23-01-2019,-17.45
23-01-2020,-5.19
23-02-2010,-19.3
23-02-2011,-20.3
23-02-2012,-11.5
23-02-2013,-12.4
23-02-2013,-12.4
23-02-2014,-23.93
23-02-2015,-3.25
23-02-2016,-5.98
23-02-2017,-2.34
23-02-2018,-18.49
23-02-2019,-7.86
23-02-2020,-5.01
23-03-2010,0.6
23-03-2011,-3.2
23-03-2012,-2
23-03-2013,-5.9
23-03-2013,-5.9
23-03-2014,-0.12
23-03-2015,-3.84
23-03-2016,-5.91
23-03-2017,-1.51
23-03-2018,-11.13
23-03-2019,-0.07
23-03-2020,-6.64
23-04-2010,16.6
23-04-2011,5.1
23-04-2012,7.97
23-04-2013,8.6
23-04-2013,8.6
23-04-2014,5.96
23-04-2015,3.54
23-04-2016,8.42
23-04-2017,4
23-04-2018,2.58
23-04-2019,6.68
23-04-2020,4.75
23-05-2010,14.1
23-05-2011,14.3
23-05-2012,16.3
23-05-2013,12.4
23-05-2014,16.81
23-05-2015,12.73
23-05-2016,19.1
23-05-2017,5.88
23-05-2018,13
23-05-2019,11.14
23-05-2020,14.4
23-06-2010,20.1
23-06-2011,17.5
23-06-2012,22
23-06-2013,20.92
23-06-2014,22.02
23-06-2015,23.85
23-06-2016,21.63
23-06-2016,21.63
23-06-2017,18.75
23-06-2018,18.38
23-06-2019,19.08
23-06-2020,13.77
23-07-2010,23.4
23-07-2011,22
23-07-2012,20.5
23-07-2013,21.74
23-07-2014,16.09
23-07-2015,17.76
23-07-2016,21.66
23-07-2017,19.47
23-07-2018,19.28
23-07-2019,19.08
23-07-2020,18.05
23-08-2010,10.9
23-08-2011,10.4
23-08-2012,14
23-08-2013,16.56
23-08-2014,18.03
23-08-2015,9.65
23-08-2016,21.23
23-08-2017,20.94
23-08-2018,13.49
23-08-2019,18.15
23-08-2020,13.67
23-09-2010,12.3
23-09-2011,5.8
23-09-2012,12.9
23-09-2013,9.87
23-09-2014,10.55
23-09-2015,10.2
23-09-2016,12.31
23-09-2017,4.34
23-09-2017,4.34
23-09-2018,11.16
23-09-2019,3.52
23-09-2020,8.15
23-10-2010,6.8
23-10-2011,3.6
23-10-2012,0.1
23-10-2013,-4.03
23-10-2014,-8.87
23-10-2015,-3.48
23-10-2016,-2.84
23-10-2017,-2.07
23-10-2018,2.23
23-10-2019,2.56
23-10-2020,-4.42
23-11-2010,-9.8
23-11-2011,-17.4
23-11-2012,-2
23-11-2013,-3.73
23-11-2014,-17.5
23-11-2015,-4.57
23-11-2016,-6.38
23-11-2017,-4.04
23-11-2018,-12.9
23-11-2019,-6.29
23-11-2020,-8.72
23-12-2010,-11.9
23-12-2011,-9
23-12-2012,-24.5
23-12-2013,-10.62
23-12-2014,-2.2
23-12-2015,-6.67
23-12-2016,-24.67
23-12-2017,-8.78
23-12-2018,-24.35
23-12-2019,-10.67
24-01-2010,-24.1
24-01-2011,-22.8
24-01-2012,-18.8
24-01-2013,-14.4
24-01-2014,-25.78
24-01-2015,-23.99
24-01-2016,-15.74
24-01-2017,-13.45
24-01-2018,-22.73
24-01-2019,-22.39
24-01-2020,-7.74
24-02-2010,-15.7
24-02-2011,-15.4
24-02-2012,-10.9
24-02-2013,-11.5
24-02-2013,-11.5
24-02-2014,-17.15
24-02-2015,-1.26
24-02-2016,-0.83
24-02-2017,-4.32
24-02-2018,-21.42
24-02-2019,-10.41
24-02-2020,-4.79
24-03-2010,-4.2
24-03-2011,-0.5
24-03-2012,-3.9
24-03-2013,-6.1
24-03-2013,-6.1
24-03-2014,0.4
24-03-2015,-8.96
24-03-2016,-2.37
24-03-2017,-0.56
24-03-2018,-10.3
24-03-2019,-0.67
24-03-2020,-2.6
24-04-2010,14.8
24-04-2011,6.1
24-04-2012,17.9
24-04-2013,5.6
24-04-2013,5.6
24-04-2014,2.35
24-04-2015,3.87
24-04-2016,6.77
24-04-2017,6.15
24-04-2018,1.36
24-04-2019,3.86
24-04-2020,1.45
24-05-2010,13.1
24-05-2011,10
24-05-2012,8.2
24-05-2013,12.7
24-05-2014,13.5
24-05-2015,13.03
24-05-2016,19.64
24-05-2017,6.99
24-05-2018,15.01
24-05-2019,8.75
24-05-2020,16.76
24-06-2010,23.1
24-06-2011,17.4
24-06-2012,19.7
24-06-2013,21
24-06-2014,21.27
24-06-2015,21.33
24-06-2016,20.56
24-06-2016,20.56
24-06-2017,17.13
24-06-2018,19.04
24-06-2019,20.75
24-06-2020,14.37
24-07-2010,24.2
24-07-2011,24.1
24-07-2012,18.6
24-07-2013,21.53
24-07-2014,15.3
24-07-2015,17.54
24-07-2016,19.42
24-07-2017,19.09
24-07-2018,21.19
24-07-2019,18.67
24-07-2020,17.89
24-08-2010,14.9
24-08-2011,8.8
24-08-2012,14.7
24-08-2013,17.27
24-08-2014,17.43
24-08-2015,7.8
24-08-2016,21.16
24-08-2017,21.31
24-08-2018,12.44
24-08-2019,15.78
24-08-2020,14.67
24-09-2010,15
24-09-2011,9.1
24-09-2012,13.4
24-09-2013,10.23
24-09-2014,10.73
24-09-2015,9.03
24-09-2016,12.46
24-09-2017,4.5
24-09-2017,4.5
24-09-2018,13.63
24-09-2019,3.12
24-09-2020,7.23
24-10-2010,3.8
24-10-2011,2.7
24-10-2012,-0.1
24-10-2013,-3.56
24-10-2014,-10.92
24-10-2015,-0.32
24-10-2016,-0.69
24-10-2017,-2.35
24-10-2018,5.23
24-10-2019,3.92
24-10-2020,-1.83
24-11-2010,-7.1
24-11-2011,-19.9
24-11-2012,0.3
24-11-2013,-3.14
24-11-2014,-18.67
24-11-2015,-3.75
24-11-2016,-5.79
24-11-2017,-3.68
24-11-2018,-15.3
24-11-2019,-9.58
24-11-2020,-8.23
24-12-2010,-19.6
24-12-2011,-11.7
24-12-2012,-24.6
24-12-2013,-8.19
24-12-2014,-5.75
24-12-2015,-6.51
24-12-2016,-13.43
24-12-2017,-11.27
24-12-2018,-23.52
24-12-2019,-10.07
25-01-2010,-23.4
25-01-2011,-14.4
25-01-2012,-20.9
25-01-2013,-15.1
25-01-2014,-29.12
25-01-2015,-17.17
25-01-2016,-15.75
25-01-2017,-20.85
25-01-2018,-21.69
25-01-2019,-20.06
25-01-2020,-10.94
25-02-2010,-16.3
25-02-2011,-18.2
25-02-2012,-12.7
25-02-2013,-9.3
25-02-2013,-9.3
25-02-2014,-11.7
25-02-2015,-3.95
25-02-2016,0.16
25-02-2017,-6.13
25-02-2018,-21.63
25-02-2019,-9.57
25-02-2020,-3.95
25-03-2010,-2.5
25-03-2011,0.2
25-03-2012,-5
25-03-2013,-2.6
25-03-2013,-2.6
25-03-2014,3.33
25-03-2015,-5.31
25-03-2016,-1.35
25-03-2017,-0.81
25-03-2018,-7.11
25-03-2019,0.75
25-03-2020,0.26
25-04-2010,10
25-04-2011,4.4
25-04-2012,16.2
25-04-2013,5.9
25-04-2013,5.9
25-04-2014,-1.86
25-04-2015,4.13
25-04-2016,7.05
25-04-2017,7.92
25-04-2018,0.98
25-04-2019,2.53
25-04-2020,3.39
25-05-2010,17.9
25-05-2011,13.7
25-05-2012,8.1
25-05-2013,17.3
25-05-2014,14.68
25-05-2015,13.51
25-05-2016,19.64
25-05-2017,9.92
25-05-2018,8.86
25-05-2019,5.73
25-05-2020,15.05
25-06-2010,21.8
25-06-2011,18.2
25-06-2012,18.6
25-06-2013,21.41
25-06-2014,18.53
25-06-2015,19.15
25-06-2016,16.96
25-06-2016,16.96
25-06-2017,15.8
25-06-2018,20.52
25-06-2019,16.31
25-06-2020,12.13
25-07-2010,24.9
25-07-2011,24.8
25-07-2012,17.8
25-07-2013,21.02
25-07-2014,11.83
25-07-2015,16.51
25-07-2016,17.98
25-07-2017,18.73
25-07-2018,22.56
25-07-2019,19.28
25-07-2020,17.61
25-08-2010,14.7
25-08-2011,8.1
25-08-2012,14
25-08-2013,16.03
25-08-2014,13.33
25-08-2015,8.16
25-08-2016,21.78
25-08-2017,20.71
25-08-2018,14.55
25-08-2019,14.57
25-08-2020,15.92
25-09-2010,12.5
25-09-2011,12.6
25-09-2012,12.7
25-09-2013,8.89
25-09-2014,8.22
25-09-2015,8.34
25-09-2016,11.9
25-09-2017,4.04
25-09-2017,4.04
25-09-2018,14.66
25-09-2019,3.15
25-09-2020,6.72
25-10-2010,3.6
25-10-2011,1.5
25-10-2012,0.2
25-10-2013,0.38
25-10-2014,-11.52
25-10-2015,0.29
25-10-2016,-1.01
25-10-2017,-2.06
25-10-2018,6.68
25-10-2019,3.02
25-10-2020,1.6
25-11-2010,-8.1
25-11-2011,-15.8
25-11-2012,-3.4
25-11-2013,-2.86
25-11-2014,-10.82
25-11-2015,-4.59
25-11-2016,-4.06
25-11-2017,-8.29
25-11-2018,-12.89
25-11-2019,-12.48
25-11-2020,-6.55
25-12-2010,-18.9
25-12-2011,-11.2
25-12-2012,-22
25-12-2013,-4.86
25-12-2014,-6.47
25-12-2015,-9.18
25-12-2016,-10.15
25-12-2017,-13.06
25-12-2018,-22.37
25-12-2019,-13.59
26-01-2010,-22.4
26-01-2011,-7.8
26-01-2012,-20.8
26-01-2013,-17.1
26-01-2014,-28.65
26-01-2015,-14.21
26-01-2016,-15.59
26-01-2017,-21.41
26-01-2018,-18.73
26-01-2019,-21.57
26-01-2020,-11.06
26-02-2010,-18.6
26-02-2011,-17.6
26-02-2012,-12.5
26-02-2013,-7.6
26-02-2013,-7.6
26-02-2014,-7.03
26-02-2015,-3.8
26-02-2016,0.7
26-02-2017,-3.5
26-02-2018,-19.63
26-02-2019,-9.43
26-02-2020,-3.76
26-03-2010,-6.7
26-03-2011,-4.3
26-03-2012,-6.3
26-03-2013,-4.7
26-03-2013,-4.7
26-03-2014,1.15
26-03-2015,-4.93
26-03-2016,-0.93
26-03-2017,-0.07
26-03-2018,-4.61
26-03-2019,1.06
26-03-2020,1.2
26-04-2010,12.3
26-04-2011,3.9
26-04-2012,14.7
26-04-2013,8.4
26-04-2013,8.4
26-04-2014,-1.67
26-04-2015,2.84
26-04-2016,7.51
26-04-2017,6.13
26-04-2018,2.14
26-04-2019,0.33
26-04-2020,9.89
26-05-2010,20.4
26-05-2011,16.6
26-05-2012,14.2
26-05-2013,21.8
26-05-2014,12.52
26-05-2015,14.91
26-05-2016,17.53
26-05-2017,12.69
26-05-2018,5.11
26-05-2019,9.31
26-05-2020,12.85
26-06-2010,20.4
26-06-2011,17.9
26-06-2012,17.5
26-06-2013,21.73
26-06-2014,17.63
26-06-2015,19.11
26-06-2016,16.15
26-06-2016,16.15
26-06-2017,16.38
26-06-2018,22.7
26-06-2019,13.12
26-06-2020,11.47
26-07-2010,21.6
26-07-2011,25.5
26-07-2012,18.6
26-07-2013,20.18
26-07-2014,11.42
26-07-2015,16.61
26-07-2016,17.95
26-07-2017,18.36
26-07-2018,22.66
26-07-2019,19.94
26-07-2020,17.6
26-08-2010,16.7
26-08-2011,9.3
26-08-2012,14.4
26-08-2013,13.46
26-08-2014,11.89
26-08-2015,9.35
26-08-2016,20.35
26-08-2017,19.47
26-08-2018,14.95
26-08-2019,11.82
26-08-2020,16.72
26-09-2010,11.1
26-09-2011,11.5
26-09-2012,9.1
26-09-2013,6.8
26-09-2014,6.59
26-09-2015,8.7
26-09-2016,11
26-09-2017,4.51
26-09-2017,4.51
26-09-2018,14.92
26-09-2019,3.28
26-09-2020,7.87
26-10-2010,3.1
26-10-2011,-0.8
26-10-2012,0.5
26-10-2013,2.64
26-10-2014,-12.15
26-10-2015,0.39
26-10-2016,-0.25
26-10-2017,-2.27
26-10-2018,9.44
26-10-2019,4.21
26-10-2020,-0.66
26-11-2010,-1.7
26-11-2011,-9.2
26-11-2012,-6.6
26-11-2013,-3.45
26-11-2014,-10.27
26-11-2015,-5.31
26-11-2016,-6.43
26-11-2017,-11.34
26-11-2018,-13.22
26-11-2019,-9.88
26-11-2020,-7.73
26-12-2010,-18.1
26-12-2011,-12.6
26-12-2012,-15.4
26-12-2013,-5.32
26-12-2014,-8.31
26-12-2015,-12.55
26-12-2016,-10.91
26-12-2017,-13.49
26-12-2018,-21.15
26-12-2019,-16
27-01-2010,-25.1
27-01-2011,-10.2
27-01-2012,-19.9
27-01-2013,-19.4
27-01-2014,-28.81
27-01-2015,-13.81
27-01-2016,-17.43
27-01-2017,-15.83
27-01-2018,-14.28
27-01-2019,-23.45
27-01-2020,-13.04
27-02-2010,-14.5
27-02-2011,-17.7
27-02-2012,-13.5
27-02-2013,-7.2
27-02-2013,-7.2
27-02-2014,-6.14
27-02-2015,-2.56
27-02-2016,0.05
27-02-2017,-3.93
27-02-2018,-18.61
27-02-2019,-10.39
27-02-2020,-3.15
27-03-2010,-1.2
27-03-2011,-7.4
27-03-2012,-3.6
27-03-2013,-5.8
27-03-2013,-5.8
27-03-2014,-3.39
27-03-2015,-10.1
27-03-2016,-0.89
27-03-2017,-0.64
27-03-2018,-4.65
27-03-2019,1.32
27-03-2020,1.92
27-04-2010,5.2
27-04-2011,8.8
27-04-2012,12.5
27-04-2013,7.3
27-04-2013,7.3
27-04-2014,-2.57
27-04-2015,2.06
27-04-2016,7.04
27-04-2017,6
27-04-2018,5.2
27-04-2019,1.79
27-04-2020,10.78
27-05-2010,17.3
27-05-2011,17.1
27-05-2012,17.9
27-05-2013,19.1
27-05-2014,10.28
27-05-2015,16.53
27-05-2016,18.7
27-05-2017,15.19
27-05-2018,9.3
27-05-2019,14.95
27-05-2020,15.39
27-06-2010,19.7
27-06-2011,20.6
27-06-2012,17.6
27-06-2013,21.65
27-06-2014,16.85
27-06-2015,21.47
27-06-2016,17.57
27-06-2016,17.57
27-06-2017,17.83
27-06-2018,22.82
27-06-2019,13.03
27-06-2020,12.46
27-07-2010,18.8
27-07-2011,24.8
27-07-2012,18.3
27-07-2013,20.28
27-07-2014,11.22
27-07-2015,15.66
27-07-2016,19.37
27-07-2017,18.91
27-07-2018,22.51
27-07-2019,18.34
27-07-2020,16.83
27-08-2010,21.8
27-08-2011,11.8
27-08-2012,13.6
27-08-2013,10.71
27-08-2014,12.87
27-08-2015,10.74
27-08-2016,14.61
27-08-2017,17.88
27-08-2018,13.64
27-08-2019,10.58
27-08-2020,17.1
27-09-2010,10.8
27-09-2011,8.3
27-09-2012,9.4
27-09-2013,4.32
27-09-2014,4.82
27-09-2015,10.71
27-09-2016,10.39
27-09-2017,3.12
27-09-2017,3.12
27-09-2018,11.27
27-09-2019,3.34
27-09-2020,10.13
27-10-2010,5
27-10-2011,-1.1
27-10-2012,2.2
27-10-2013,3.12
27-10-2014,-9.85
27-10-2015,0.67
27-10-2016,-1.18
27-10-2017,-3.63
27-10-2018,4.37
27-10-2019,6.96
27-10-2020,-3.51
27-11-2010,-4.5
27-11-2011,-9.5
27-11-2012,-6.7
27-11-2013,-3.12
27-11-2014,-17.87
27-11-2015,-6.11
27-11-2016,-8.83
27-11-2017,-8.54
27-11-2018,-11.71
27-11-2019,-9.27
27-11-2020,-10.45
27-12-2010,-14.9
27-12-2011,-8.7
27-12-2012,-6.6
27-12-2013,-4.52
27-12-2014,-13.69
27-12-2015,-10.72
27-12-2016,-9.96
27-12-2017,-14.44
27-12-2018,-17.97
27-12-2019,-16.09
28-01-2010,-23.9
28-01-2011,-12.2
28-01-2012,-17.8
28-01-2013,-16.7
28-01-2014,-30.49
28-01-2015,-13.29
28-01-2016,-20.2
28-01-2017,-16.01
28-01-2018,-11.58
28-01-2019,-19.82
28-01-2020,-19.68
28-02-2010,-10.4
28-02-2011,-17.2
28-02-2012,-12.8
28-02-2013,-17.1
28-02-2013,-17.1
28-02-2014,-6.09
28-02-2015,-5.34
28-02-2016,-1.9
28-02-2017,-5.25
28-02-2018,-20.45
28-02-2019,-12.3
28-02-2020,-1.57
28-03-2010,-1.1
28-03-2011,-6
28-03-2012,-0.6
28-03-2013,-5.4
28-03-2013,-5.4
28-03-2014,-4.41
28-03-2015,-11.56
28-03-2016,0.26
28-03-2017,-1.22
28-03-2018,-7.69
28-03-2019,1.81
28-03-2020,2
28-04-2010,2.3
28-04-2011,12.7
28-04-2012,11.4
28-04-2013,7.5
28-04-2013,7.5
28-04-2014,1.45
28-04-2015,4.1
28-04-2016,5.26
28-04-2017,9.71
28-04-2018,8.19
28-04-2019,1.62
28-04-2020,9.85
28-05-2010,14.2
28-05-2011,13.5
28-05-2012,20.9
28-05-2013,14.6
28-05-2014,8.33
28-05-2015,16.64
28-05-2016,14.66
28-05-2017,10.56
28-05-2018,7.83
28-05-2019,17.8
28-05-2020,17.03
28-06-2010,23.5
28-06-2011,22
28-06-2012,17.5
28-06-2013,18.89
28-06-2014,17.28
28-06-2015,23.65
28-06-2016,14.55
28-06-2016,14.55
28-06-2017,19.2
28-06-2018,22.34
28-06-2019,13.85
28-06-2020,12.63
28-07-2010,21.7
28-07-2011,22.5
28-07-2012,19
28-07-2013,20.97
28-07-2014,12.45
28-07-2015,17.21
28-07-2016,19.63
28-07-2017,20.23
28-07-2018,21.68
28-07-2019,17.28
28-07-2020,16.47
28-08-2010,18.4
28-08-2011,11.4
28-08-2012,13.2
28-08-2013,10.11
28-08-2014,13.69
28-08-2015,12.87
28-08-2016,14.98
28-08-2017,15.86
28-08-2018,13.49
28-08-2019,10.69
28-08-2020,18.68
28-09-2010,9.1
28-09-2011,6.7
28-09-2012,9.7
28-09-2013,3.41
28-09-2014,5.37
28-09-2015,13.95
28-09-2016,9.13
28-09-2017,2.79
28-09-2017,2.79
28-09-2018,9
28-09-2019,2.55
28-09-2020,8.78
28-10-2010,4.3
28-10-2011,-1
28-10-2012,1.5
28-10-2013,1.82
28-10-2014,-5.31
28-10-2015,1.38
28-10-2016,-2.87
28-10-2017,-4.37
28-10-2018,0.91
28-10-2019,4.25
28-10-2020,-4.21
28-11-2010,-7.8
28-11-2011,-9.1
28-11-2012,-10.7
28-11-2013,-1.92
28-11-2014,-16.74
28-11-2015,-5.13
28-11-2016,-9.83
28-11-2017,-7.57
28-11-2018,-13.31
28-11-2019,-7.98
28-11-2020,-12.9
28-12-2010,-12.3
28-12-2011,-3
28-12-2012,-6.2
28-12-2013,-5.15
28-12-2014,-16.75
28-12-2015,-11.62
28-12-2016,-8.41
28-12-2017,-9.04
28-12-2018,-14.41
28-12-2019,-11.95
29-01-2010,-21.7
29-01-2011,-15
29-01-2012,-17.7
29-01-2013,-10.9
29-01-2014,-34.74
29-01-2015,-13.01
29-01-2016,-21.46
29-01-2017,-14.67
29-01-2018,-12.52
29-01-2019,-16.14
29-01-2020,-22.51
29-02-2012,-9
29-02-2016,-3.41
29-02-2020,-3.15
29-03-2010,-0.9
29-03-2011,-6.8
29-03-2012,-3.3
29-03-2013,-6.3
29-03-2013,-6.3
29-03-2014,-6.15
29-03-2015,-6.69
29-03-2016,0.03
29-03-2017,-0.51
29-03-2018,-7.81
29-03-2019,1.26
29-03-2020,4.38
29-04-2010,3.4
29-04-2011,10.9
29-04-2012,7.16
29-04-2013,7.3
29-04-2013,7.3
29-04-2014,4.47
29-04-2015,9.19
29-04-2016,5.95
29-04-2017,8.11
29-04-2018,7.39
29-04-2019,-2.87
29-04-2020,7.95
29-05-2010,11.1
29-05-2011,13.9
29-05-2012,19.5
29-05-2013,16.5
29-05-2014,7.19
29-05-2015,16.78
29-05-2016,13.62
29-05-2017,5.27
29-05-2018,5.25
29-05-2019,16.15
29-05-2020,15.69
29-06-2010,24.2
29-06-2011,22.8
29-06-2012,18.8
29-06-2013,15.32
29-06-2014,17.22
29-06-2015,24.8
29-06-2016,15.31
29-06-2016,15.31
29-06-2017,18.22
29-06-2018,19.78
29-06-2019,17.22
29-06-2020,12.01
29-07-2010,21.7
29-07-2011,22.6
29-07-2012,15.4
29-07-2013,21.26
29-07-2014,13.21
29-07-2015,18.1
29-07-2016,19.82
29-07-2017,21.43
29-07-2018,16.68
29-07-2019,16.24
29-07-2020,17.05
29-08-2010,17.1
29-08-2011,13
29-08-2012,15.7
29-08-2013,12.2
29-08-2014,15.79
29-08-2015,11.81
29-08-2016,12.92
29-08-2017,14.21
29-08-2018,15.84
29-08-2019,10.2
29-08-2020,19
29-09-2010,10.9
29-09-2011,7.1
29-09-2012,9.9
29-09-2013,3.71
29-09-2014,6.46
29-09-2015,12.26
29-09-2016,6.91
29-09-2017,3.57
29-09-2017,3.57
29-09-2018,8.29
29-09-2019,2.25
29-09-2020,7.78
29-10-2010,4.6
29-10-2011,-2.5
29-10-2012,7.9
29-10-2013,3.63
29-10-2014,-0.83
29-10-2015,0.67
29-10-2016,-2.98
29-10-2017,-4.14
29-10-2018,-0.2
29-10-2019,-2.27
29-10-2020,-1.3
29-11-2010,-17.8
29-11-2011,-9.8
29-11-2012,-15.6
29-11-2013,-0.72
29-11-2014,-9.99
29-11-2015,-4.37
29-11-2016,-7.27
29-11-2017,-7.05
29-11-2018,-18.26
29-11-2019,-9.21
29-12-2010,-14.3
29-12-2011,-3.4
29-12-2012,-4.9
29-12-2013,-4.98
29-12-2014,-16.3
29-12-2015,-15.49
29-12-2016,-6.23
29-12-2017,-5.83
29-12-2018,-12.55
29-12-2019,-17.36
30-01-2010,-18.7
30-01-2010,-18.7
30-01-2011,-11.2
30-01-2011,-11.2
30-01-2012,-21.1
30-01-2013,-8.6
30-01-2013,-8.6
30-01-2013,-8.6
30-01-2014,-30.02
30-01-2014,-30.02
30-01-2015,-14.15
30-01-2015,-14.15
30-01-2016,-15.89
30-01-2017,-13.82
30-01-2017,-13.82
30-01-2018,-15.37
30-01-2018,-15.37
30-01-2019,-18.57
30-01-2019,-18.57
30-01-2020,-18.53
30-03-2010,3.3
30-03-2011,-6.1
30-03-2012,-2.3
30-03-2013,-6.4
30-03-2013,-6.4
30-03-2014,-5.66
30-03-2015,-3.39
30-03-2016,0.79
30-03-2017,-1.87
30-03-2018,-9.61
30-03-2019,0.69
30-03-2020,5.5
30-04-2010,6.9
30-04-2011,8
30-04-2012,7.7
30-04-2013,6.9
30-04-2013,6.9
30-04-2014,8.18
30-04-2015,12.39
30-04-2016,7.53
30-04-2017,6.24
30-04-2018,4.75
30-04-2019,-2.5
30-04-2020,7.7
30-05-2010,9.7
30-05-2011,17.8
30-05-2012,19.1
30-05-2013,19
30-05-2014,9.55
30-05-2015,18.65
30-05-2016,11.54
30-05-2017,5.54
30-05-2018,8.38
30-05-2019,14.99
30-05-2020,16.23
30-06-2010,19.9
30-06-2011,18.1
30-06-2012,23
30-06-2013,14.1
30-06-2014,14.93
30-06-2015,21.84
30-06-2016,16.16
30-06-2016,16.16
30-06-2017,16.43
30-06-2018,19.82
30-06-2019,20.43
30-06-2020,12.04
30-07-2010,24.8
30-07-2011,18.8
30-07-2012,14.5
30-07-2013,20.57
30-07-2014,16.06
30-07-2015,19.09
30-07-2016,18.41
30-07-2017,21.23
30-07-2018,15.62
30-07-2019,14.12
30-07-2020,17.83
30-08-2010,23.7
30-08-2011,18.7
30-08-2012,18.8
30-08-2013,13.12
30-08-2014,15.25
30-08-2015,10
30-08-2016,10.61
30-08-2017,14.61
30-08-2018,13.74
30-08-2019,9.46
30-08-2020,18.27
30-09-2010,12.3
30-09-2011,8.5
30-09-2012,10.7
30-09-2013,4.37
30-09-2014,6.65
30-09-2015,7.42
30-09-2016,5.55
30-09-2017,2.61
30-09-2017,2.61
30-09-2018,6.88
30-09-2019,3.91
30-09-2020,8.61
30-10-2010,4
30-10-2011,-1.7
30-10-2012,1.1
30-10-2013,7.11
30-10-2014,-2.02
30-10-2015,-1.9
30-10-2016,-3.4
30-10-2017,-0.52
30-10-2018,-3.94
30-10-2019,-4.14
30-10-2020,0.81
30-11-2010,-21.4
30-11-2011,-7.6
30-11-2012,-17
30-11-2013,-1.7
30-11-2014,-6.02
30-11-2015,-4.54
30-11-2016,-8.41
30-11-2017,-6.49
30-11-2018,-18.65
30-11-2019,-7.29
30-12-2010,-19
30-12-2011,-5.4
30-12-2012,-11.6
30-12-2013,-5.4
30-12-2014,-15.51
30-12-2015,-19.66
30-12-2016,-8
30-12-2017,-9.08
30-12-2018,-16
30-12-2019,-18.75
31-01-2010,-13.9
31-01-2010,-13.9
31-01-2011,-7.3
31-01-2011,-7.3
31-01-2012,-27
31-01-2012,-27
31-01-2013,-11.2
31-01-2013,-11.2
31-01-2013,-11.2
31-01-2014,-25.57
31-01-2014,-25.57
31-01-2015,-16.74
31-01-2015,-16.74
31-01-2016,-13.06
31-01-2016,-13.06
31-01-2017,-13
31-01-2017,-13
31-01-2018,-15.86
31-01-2018,-15.86
31-01-2019,-22.16
31-01-2019,-22.16
31-01-2020,-13.07
31-01-2020,-13.07
31-03-2010,3.2
31-03-2011,-5
31-03-2012,2.1
31-03-2013,-3.8
31-03-2013,-3.8
31-03-2014,-3.48
31-03-2015,-1.87
31-03-2016,0.97
31-03-2017,-4.89
31-03-2018,-7.52
31-03-2019,0.82
31-03-2020,3.51
31-05-2010,11.7
31-05-2011,16.2
31-05-2012,20.5
31-05-2013,15.6
31-05-2014,11.31
31-05-2015,20.9
31-05-2016,6.81
31-05-2017,8.95
31-05-2018,9.23
31-05-2019,16.63
31-05-2020,14.43
31-07-2010,25.7
31-07-2011,16.3
31-07-2012,16.4
31-07-2013,19.04
31-07-2014,17.67
31-07-2015,20.34
31-07-2016,18.09
31-07-2017,21.64
31-07-2018,16.84
31-07-2019,14.36
31-07-2020,19.44
31-08-2010,18
31-08-2011,19.6
31-08-2012,17.8
31-08-2013,14.74
31-08-2014,12.76
31-08-2015,8.39
31-08-2016,13.97
31-08-2017,15.19
31-08-2018,10.56
31-08-2019,8.91
31-08-2020,17.31
31-10-2010,2.5
31-10-2011,-1
31-10-2012,-0.7
31-10-2013,5.4
31-10-2014,2.26
31-10-2015,-5.6
31-10-2016,-4.7
31-10-2017,1.52
31-10-2018,-4.84
31-10-2019,-5.55
31-10-2020,2.22
31-12-2010,-18.3
31-12-2011,-8.62
31-12-2012,-11.21
31-12-2013,-4.34
31-12-2014,-18.07
31-12-2015,-22.68
31-12-2016,-7.29
31-12-2017,-7.44
31-12-2018,-17.01
31-12-2019,-13.91
